TransactionID,Date,AccountNumber,Description,Amount,Type
FY24-TX-10249,01/01/2024,601010,Journal Entry - Tx 10249 Line 1,8103.26,Debit
FY24-TX-10249,01/01/2024,390000,Journal Entry - Tx 10249 Line 2,-8103.26,Credit
FY24-TX-10470,01/01/2024,102001,Journal Entry - Tx 10470 Line 1,7577.95,Debit
FY24-TX-10470,01/01/2024,401000,Journal Entry - Tx 10470 Line 2,-7577.95,Credit
FY24-TX-10096,02/01/2024,102001,Journal Entry - Tx 10096 Line 1,4130.07,Debit
FY24-TX-10096,02/01/2024,402000,Journal Entry - Tx 10096 Line 2,-4130.07,Credit
FY24-TX-10264,02/01/2024,110000,Journal Entry - Tx 10264 Line 1,3508.32,Debit
FY24-TX-10264,02/01/2024,401000,Journal Entry - Tx 10264 Line 2,-3508.32,Credit
FY24-TX-10387,04/01/2024,102001,Journal Entry - Tx 10387 Line 1,2547.03,Debit
FY24-TX-10387,04/01/2024,210000,Journal Entry - Tx 10387 Line 2,-2547.03,Credit
FY24-TX-10067,08/01/2024,102001,Journal Entry - Tx 10067 Line 1,11919.92,Debit
FY24-TX-10067,08/01/2024,210000,Journal Entry - Tx 10067 Line 2,-11919.92,Credit
FY24-TX-10209,08/01/2024,102001,Journal Entry - Tx 10209 Line 1,8720.60,Debit
FY24-TX-10209,08/01/2024,301000,Journal Entry - Tx 10209 Line 2,-8720.60,Credit
FY24-TX-10256,08/01/2024,101000,Journal Entry - Tx 10256 Line 1,6811.05,Debit
FY24-TX-10256,08/01/2024,210000,Journal Entry - Tx 10256 Line 2,-6811.05,Credit
FY24-TX-10476,09/01/2024,101000,Journal Entry - Tx 10476 Line 1,4418.61,Debit
FY24-TX-10476,09/01/2024,301000,Journal Entry - Tx 10476 Line 2,-4418.61,Credit
FY24-TX-10169,10/01/2024,101000,Journal Entry - Tx 10169 Line 1,9223.29,Debit
FY24-TX-10169,10/01/2024,301000,Journal Entry - Tx 10169 Line 2,-9223.29,Credit
FY24-TX-10393,10/01/2024,101000,Journal Entry - Tx 10393 Line 1,5677.13,Debit
FY24-TX-10393,10/01/2024,301000,Journal Entry - Tx 10393 Line 2,-5677.13,Credit
FY24-TX-10053,11/01/2024,102001,Journal Entry - Tx 10053 Line 1,7253.08,Debit
FY24-TX-10053,11/01/2024,401000,Journal Entry - Tx 10053 Line 2,-7253.08,Credit
FY24-TX-10239,11/01/2024,610000,Journal Entry - Tx 10239 Line 1,12294.76,Debit
FY24-TX-10239,11/01/2024,301000,Journal Entry - Tx 10239 Line 2,-12294.76,Credit
FY24-TX-10396,11/01/2024,102001,Journal Entry - Tx 10396 Line 1,11885.65,Debit
FY24-TX-10396,11/01/2024,401000,Journal Entry - Tx 10396 Line 2,-11885.65,Credit
FY24-TX-10474,11/01/2024,501000,Journal Entry - Tx 10474 Line 1,4827.57,Debit
FY24-TX-10474,11/01/2024,201000,Journal Entry - Tx 10474 Line 2,-4827.57,Credit
FY24-TX-10112,13/01/2024,501000,Journal Entry - Tx 10112 Line 1,8132.35,Debit
FY24-TX-10112,13/01/2024,301000,Journal Entry - Tx 10112 Line 2,-8132.35,Credit
FY24-TX-10318,13/01/2024,601010,Journal Entry - Tx 10318 Line 1,7636.03,Debit
FY24-TX-10318,13/01/2024,301000,Journal Entry - Tx 10318 Line 2,-7636.03,Credit
FY24-TX-10371,14/01/2024,610000,Journal Entry - Tx 10371 Line 1,7506.67,Debit
FY24-TX-10371,14/01/2024,402000,Journal Entry - Tx 10371 Line 2,-7506.67,Credit
FY24-TX-10192,15/01/2024,110000,Journal Entry - Tx 10192 Line 1,6100.70,Debit
FY24-TX-10192,15/01/2024,210000,Journal Entry - Tx 10192 Line 2,-6100.70,Credit
FY24-TX-10171,16/01/2024,102001,Journal Entry - Tx 10171 Line 1,11682.29,Debit
FY24-TX-10171,16/01/2024,201000,Journal Entry - Tx 10171 Line 2,-11682.29,Credit
FY24-TX-10376,16/01/2024,601010,Journal Entry - Tx 10376 Line 1,1165.86,Debit
FY24-TX-10376,16/01/2024,210000,Journal Entry - Tx 10376 Line 2,-1165.86,Credit
FY24-TX-10025,17/01/2024,501000,Journal Entry - Tx 10025 Line 1,9910.05,Debit
FY24-TX-10025,17/01/2024,301000,Journal Entry - Tx 10025 Line 2,-9910.05,Credit
FY24-TX-10280,19/01/2024,102001,Journal Entry - Tx 10280 Line 1,7610.44,Debit
FY24-TX-10280,19/01/2024,402000,Journal Entry - Tx 10280 Line 2,-7610.44,Credit
FY24-TX-10460,20/01/2024,501000,Journal Entry - Tx 10460 Line 1,3557.86,Debit
FY24-TX-10460,20/01/2024,402000,Journal Entry - Tx 10460 Line 2,-3557.86,Credit
FY24-TX-10120,23/01/2024,101000,Journal Entry - Tx 10120 Line 1,8730.00,Debit
FY24-TX-10120,23/01/2024,401000,Journal Entry - Tx 10120 Line 2,-8730.00,Credit
FY24-TX-10479,23/01/2024,110000,Journal Entry - Tx 10479 Line 1,4359.83,Debit
FY24-TX-10479,23/01/2024,402000,Journal Entry - Tx 10479 Line 2,-4359.83,Credit
FY24-TX-10016,24/01/2024,110000,Journal Entry - Tx 10016 Line 1,8147.43,Debit
FY24-TX-10016,24/01/2024,201000,Journal Entry - Tx 10016 Line 2,-8147.43,Credit
FY24-TX-10210,24/01/2024,601010,Journal Entry - Tx 10210 Line 1,11984.88,Debit
FY24-TX-10210,24/01/2024,301000,Journal Entry - Tx 10210 Line 2,-11984.88,Credit
FY24-TX-10386,24/01/2024,601010,Journal Entry - Tx 10386 Line 1,2744.34,Debit
FY24-TX-10386,24/01/2024,201000,Journal Entry - Tx 10386 Line 2,-2744.34,Credit
FY24-TX-10075,26/01/2024,601010,Journal Entry - Tx 10075 Line 1,7202.44,Debit
FY24-TX-10075,26/01/2024,401000,Journal Entry - Tx 10075 Line 2,-7202.44,Credit
FY24-TX-10166,26/01/2024,110000,Journal Entry - Tx 10166 Line 1,3230.26,Debit
FY24-TX-10166,26/01/2024,210000,Journal Entry - Tx 10166 Line 2,-3230.26,Credit
FY24-TX-10214,27/01/2024,501000,Journal Entry - Tx 10214 Line 1,3136.13,Debit
FY24-TX-10214,27/01/2024,201000,Journal Entry - Tx 10214 Line 2,-3136.13,Credit
FY24-TX-10252,27/01/2024,601010,Journal Entry - Tx 10252 Line 1,2536.42,Debit
FY24-TX-10252,27/01/2024,210000,Journal Entry - Tx 10252 Line 2,-2536.42,Credit
FY24-TX-10365,27/01/2024,601010,Journal Entry - Tx 10365 Line 1,11912.60,Debit
FY24-TX-10365,27/01/2024,301000,Journal Entry - Tx 10365 Line 2,-11912.60,Credit
FY24-TX-10061,28/01/2024,610000,Journal Entry - Tx 10061 Line 1,8295.78,Debit
FY24-TX-10061,28/01/2024,201000,Journal Entry - Tx 10061 Line 2,-8295.78,Credit
FY24-TX-10412,29/01/2024,101000,Journal Entry - Tx 10412 Line 1,4355.46,Debit
FY24-TX-10412,29/01/2024,301000,Journal Entry - Tx 10412 Line 2,-4355.46,Credit
FY24-TX-10045,30/01/2024,601010,Journal Entry - Tx 10045 Line 1,2993.84,Debit
FY24-TX-10045,30/01/2024,201000,Journal Entry - Tx 10045 Line 2,-2993.84,Credit
FY24-TX-10055,31/01/2024,101000,Journal Entry - Tx 10055 Line 1,2847.60,Debit
FY24-TX-10055,31/01/2024,301000,Journal Entry - Tx 10055 Line 2,-2847.60,Credit
FY24-TX-10069,31/01/2024,101000,Journal Entry - Tx 10069 Line 1,2059.28,Debit
FY24-TX-10069,31/01/2024,390000,Journal Entry - Tx 10069 Line 2,-2059.28,Credit
FY24-TX-10062,01/02/2024,110000,Journal Entry - Tx 10062 Line 1,4976.74,Debit
FY24-TX-10062,01/02/2024,201000,Journal Entry - Tx 10062 Line 2,-4976.74,Credit
FY24-TX-10155,01/02/2024,501000,Journal Entry - Tx 10155 Line 1,2576.58,Debit
FY24-TX-10155,01/02/2024,390000,Journal Entry - Tx 10155 Line 2,-2576.58,Credit
FY24-TX-10331,01/02/2024,102001,Journal Entry - Tx 10331 Line 1,4921.80,Debit
FY24-TX-10331,01/02/2024,201000,Journal Entry - Tx 10331 Line 2,-4921.80,Credit
FY24-TX-10344,02/02/2024,110000,Journal Entry - Tx 10344 Line 1,5879.30,Debit
FY24-TX-10344,02/02/2024,401000,Journal Entry - Tx 10344 Line 2,-5879.30,Credit
FY24-TX-10467,02/02/2024,501000,Journal Entry - Tx 10467 Line 1,1400.01,Debit
FY24-TX-10467,02/02/2024,401000,Journal Entry - Tx 10467 Line 2,-1400.01,Credit
FY24-TX-10482,02/02/2024,501000,Journal Entry - Tx 10482 Line 1,8818.99,Debit
FY24-TX-10482,02/02/2024,201000,Journal Entry - Tx 10482 Line 2,-8818.99,Credit
FY24-TX-10026,03/02/2024,601010,Journal Entry - Tx 10026 Line 1,2627.44,Debit
FY24-TX-10026,03/02/2024,402000,Journal Entry - Tx 10026 Line 2,-2627.44,Credit
FY24-TX-10215,03/02/2024,101000,Journal Entry - Tx 10215 Line 1,4953.28,Debit
FY24-TX-10215,03/02/2024,401000,Journal Entry - Tx 10215 Line 2,-4953.28,Credit
FY24-TX-10183,05/02/2024,110000,Journal Entry - Tx 10183 Line 1,6243.57,Debit
FY24-TX-10183,05/02/2024,201000,Journal Entry - Tx 10183 Line 2,-6243.57,Credit
FY24-TX-10056,06/02/2024,110000,Journal Entry - Tx 10056 Line 1,6344.04,Debit
FY24-TX-10056,06/02/2024,402000,Journal Entry - Tx 10056 Line 2,-6344.04,Credit
FY24-TX-10084,07/02/2024,601010,Journal Entry - Tx 10084 Line 1,155.20,Debit
FY24-TX-10084,07/02/2024,401000,Journal Entry - Tx 10084 Line 2,-155.20,Credit
FY24-TX-10099,08/02/2024,610000,Journal Entry - Tx 10099 Line 1,11626.38,Debit
FY24-TX-10099,08/02/2024,210000,Journal Entry - Tx 10099 Line 2,-11626.38,Credit
FY24-TX-10225,08/02/2024,501000,Journal Entry - Tx 10225 Line 1,1959.93,Debit
FY24-TX-10225,08/02/2024,390000,Journal Entry - Tx 10225 Line 2,-1959.93,Credit
FY24-TX-10276,08/02/2024,110000,Journal Entry - Tx 10276 Line 1,5796.48,Debit
FY24-TX-10276,08/02/2024,301000,Journal Entry - Tx 10276 Line 2,-5796.48,Credit
FY24-TX-10438,09/02/2024,101000,Journal Entry - Tx 10438 Line 1,3667.11,Debit
FY24-TX-10438,09/02/2024,401000,Journal Entry - Tx 10438 Line 2,-3667.11,Credit
FY24-TX-10224,11/02/2024,102001,Journal Entry - Tx 10224 Line 1,1966.36,Debit
FY24-TX-10224,11/02/2024,401000,Journal Entry - Tx 10224 Line 2,-1966.36,Credit
FY24-TX-10236,11/02/2024,501000,Journal Entry - Tx 10236 Line 1,7372.33,Debit
FY24-TX-10236,11/02/2024,402000,Journal Entry - Tx 10236 Line 2,-7372.33,Credit
FY24-TX-10350,11/02/2024,102001,Journal Entry - Tx 10350 Line 1,3989.77,Debit
FY24-TX-10350,11/02/2024,201000,Journal Entry - Tx 10350 Line 2,-3989.77,Credit
FY24-TX-10381,11/02/2024,610000,Journal Entry - Tx 10381 Line 1,3376.71,Debit
FY24-TX-10381,11/02/2024,390000,Journal Entry - Tx 10381 Line 2,-3376.71,Credit
FY24-TX-10453,12/02/2024,110000,Journal Entry - Tx 10453 Line 1,9396.05,Debit
FY24-TX-10453,12/02/2024,390000,Journal Entry - Tx 10453 Line 2,-9396.05,Credit
FY24-TX-10046,13/02/2024,101000,Journal Entry - Tx 10046 Line 1,9013.46,Debit
FY24-TX-10046,13/02/2024,401000,Journal Entry - Tx 10046 Line 2,-9013.46,Credit
FY24-TX-10432,13/02/2024,501000,Journal Entry - Tx 10432 Line 1,3836.17,Debit
FY24-TX-10432,13/02/2024,402000,Journal Entry - Tx 10432 Line 2,-3836.17,Credit
FY24-TX-10282,16/02/2024,101000,Journal Entry - Tx 10282 Line 1,5361.05,Debit
FY24-TX-10282,16/02/2024,402000,Journal Entry - Tx 10282 Line 2,-5361.05,Credit
FY24-TX-10314,16/02/2024,101000,Journal Entry - Tx 10314 Line 1,9733.97,Debit
FY24-TX-10314,16/02/2024,301000,Journal Entry - Tx 10314 Line 2,-9733.97,Credit
FY24-TX-10011,17/02/2024,110000,Journal Entry - Tx 10011 Line 1,4698.53,Debit
FY24-TX-10011,17/02/2024,301000,Journal Entry - Tx 10011 Line 2,-4698.53,Credit
FY24-TX-10358,18/02/2024,110000,Journal Entry - Tx 10358 Line 1,3872.53,Debit
FY24-TX-10358,18/02/2024,402000,Journal Entry - Tx 10358 Line 2,-3872.53,Credit
FY24-TX-10304,19/02/2024,610000,Journal Entry - Tx 10304 Line 1,11115.83,Debit
FY24-TX-10304,19/02/2024,201000,Journal Entry - Tx 10304 Line 2,-11115.83,Credit
FY24-TX-10085,21/02/2024,102001,Journal Entry - Tx 10085 Line 1,939.10,Debit
FY24-TX-10085,21/02/2024,401000,Journal Entry - Tx 10085 Line 2,-939.10,Credit
FY24-TX-10274,21/02/2024,501000,Journal Entry - Tx 10274 Line 1,6488.64,Debit
FY24-TX-10274,21/02/2024,201000,Journal Entry - Tx 10274 Line 2,-6488.64,Credit
FY24-TX-10212,22/02/2024,601010,Journal Entry - Tx 10212 Line 1,10739.67,Debit
FY24-TX-10212,22/02/2024,301000,Journal Entry - Tx 10212 Line 2,-10739.67,Credit
FY24-TX-10040,24/02/2024,110000,Journal Entry - Tx 10040 Line 1,10712.69,Debit
FY24-TX-10040,24/02/2024,402000,Journal Entry - Tx 10040 Line 2,-10712.69,Credit
FY24-TX-10117,25/02/2024,110000,Journal Entry - Tx 10117 Line 1,7354.37,Debit
FY24-TX-10117,25/02/2024,402000,Journal Entry - Tx 10117 Line 2,-7354.37,Credit
FY24-TX-10177,25/02/2024,110000,Journal Entry - Tx 10177 Line 1,7135.10,Debit
FY24-TX-10177,25/02/2024,401000,Journal Entry - Tx 10177 Line 2,-7135.10,Credit
FY24-TX-10349,25/02/2024,501000,Journal Entry - Tx 10349 Line 1,6051.21,Debit
FY24-TX-10349,25/02/2024,201000,Journal Entry - Tx 10349 Line 2,-6051.21,Credit
FY24-TX-10176,28/02/2024,102001,Journal Entry - Tx 10176 Line 1,9575.95,Debit
FY24-TX-10176,28/02/2024,301000,Journal Entry - Tx 10176 Line 2,-9575.95,Credit
FY24-TX-10230,28/02/2024,610000,Journal Entry - Tx 10230 Line 1,6716.79,Debit
FY24-TX-10230,28/02/2024,210000,Journal Entry - Tx 10230 Line 2,-6716.79,Credit
FY24-TX-10257,28/02/2024,101000,Journal Entry - Tx 10257 Line 1,5697.89,Debit
FY24-TX-10257,28/02/2024,402000,Journal Entry - Tx 10257 Line 2,-5697.89,Credit
FY24-TX-10091,01/03/2024,610000,Journal Entry - Tx 10091 Line 1,10947.98,Debit
FY24-TX-10091,01/03/2024,401000,Journal Entry - Tx 10091 Line 2,-10947.98,Credit
FY24-TX-10248,01/03/2024,501000,Journal Entry - Tx 10248 Line 1,11934.49,Debit
FY24-TX-10248,01/03/2024,401000,Journal Entry - Tx 10248 Line 2,-11934.49,Credit
FY24-TX-10218,02/03/2024,501000,Journal Entry - Tx 10218 Line 1,6882.42,Debit
FY24-TX-10218,02/03/2024,401000,Journal Entry - Tx 10218 Line 2,-6882.42,Credit
FY24-TX-10052,03/03/2024,101000,Journal Entry - Tx 10052 Line 1,3080.08,Debit
FY24-TX-10052,03/03/2024,301000,Journal Entry - Tx 10052 Line 2,-3080.08,Credit
FY24-TX-10254,04/03/2024,610000,Journal Entry - Tx 10254 Line 1,394.91,Debit
FY24-TX-10254,04/03/2024,401000,Journal Entry - Tx 10254 Line 2,-394.91,Credit
FY24-TX-10047,06/03/2024,501000,Journal Entry - Tx 10047 Line 1,1614.95,Debit
FY24-TX-10047,06/03/2024,401000,Journal Entry - Tx 10047 Line 2,-1614.95,Credit
FY24-TX-10343,06/03/2024,601010,Journal Entry - Tx 10343 Line 1,9133.72,Debit
FY24-TX-10343,06/03/2024,201000,Journal Entry - Tx 10343 Line 2,-9133.72,Credit
FY24-TX-10351,06/03/2024,610000,Journal Entry - Tx 10351 Line 1,3412.42,Debit
FY24-TX-10351,06/03/2024,401000,Journal Entry - Tx 10351 Line 2,-3412.42,Credit
FY24-TX-10362,08/03/2024,601010,Journal Entry - Tx 10362 Line 1,6861.55,Debit
FY24-TX-10362,08/03/2024,401000,Journal Entry - Tx 10362 Line 2,-6861.55,Credit
FY24-TX-10308,09/03/2024,110000,Journal Entry - Tx 10308 Line 1,9682.86,Debit
FY24-TX-10308,09/03/2024,401000,Journal Entry - Tx 10308 Line 2,-9682.86,Credit
FY24-TX-10262,11/03/2024,110000,Journal Entry - Tx 10262 Line 1,10633.10,Debit
FY24-TX-10262,11/03/2024,390000,Journal Entry - Tx 10262 Line 2,-10633.10,Credit
FY24-TX-10152,12/03/2024,501000,Journal Entry - Tx 10152 Line 1,1890.03,Debit
FY24-TX-10152,12/03/2024,402000,Journal Entry - Tx 10152 Line 2,-1890.03,Credit
FY24-TX-10450,12/03/2024,101000,Journal Entry - Tx 10450 Line 1,10743.13,Debit
FY24-TX-10450,12/03/2024,402000,Journal Entry - Tx 10450 Line 2,-10743.13,Credit
FY24-TX-10064,13/03/2024,110000,Journal Entry - Tx 10064 Line 1,5212.85,Debit
FY24-TX-10064,13/03/2024,390000,Journal Entry - Tx 10064 Line 2,-5212.85,Credit
FY24-TX-10461,13/03/2024,501000,Journal Entry - Tx 10461 Line 1,9343.64,Debit
FY24-TX-10461,13/03/2024,390000,Journal Entry - Tx 10461 Line 2,-9343.64,Credit
FY24-TX-10312,14/03/2024,102001,Journal Entry - Tx 10312 Line 1,9286.14,Debit
FY24-TX-10312,14/03/2024,402000,Journal Entry - Tx 10312 Line 2,-9286.14,Credit
FY24-TX-10275,15/03/2024,610000,Journal Entry - Tx 10275 Line 1,5066.93,Debit
FY24-TX-10275,15/03/2024,210000,Journal Entry - Tx 10275 Line 2,-5066.93,Credit
FY24-TX-10404,16/03/2024,102001,Journal Entry - Tx 10404 Line 1,3178.91,Debit
FY24-TX-10404,16/03/2024,401000,Journal Entry - Tx 10404 Line 2,-3178.91,Credit
FY24-TX-10136,17/03/2024,102001,Journal Entry - Tx 10136 Line 1,340.43,Debit
FY24-TX-10136,17/03/2024,390000,Journal Entry - Tx 10136 Line 2,-340.43,Credit
FY24-TX-10140,17/03/2024,101000,Journal Entry - Tx 10140 Line 1,8083.62,Debit
FY24-TX-10140,17/03/2024,201000,Journal Entry - Tx 10140 Line 2,-8083.62,Credit
FY24-TX-10337,17/03/2024,601010,Journal Entry - Tx 10337 Line 1,9708.98,Debit
FY24-TX-10337,17/03/2024,201000,Journal Entry - Tx 10337 Line 2,-9708.98,Credit
FY24-TX-10419,19/03/2024,501000,Journal Entry - Tx 10419 Line 1,11781.72,Debit
FY24-TX-10419,19/03/2024,201000,Journal Entry - Tx 10419 Line 2,-11781.72,Credit
FY24-TX-10033,20/03/2024,610000,Journal Entry - Tx 10033 Line 1,7732.86,Debit
FY24-TX-10033,20/03/2024,390000,Journal Entry - Tx 10033 Line 2,-7732.86,Credit
FY24-TX-10153,20/03/2024,101000,Journal Entry - Tx 10153 Line 1,8701.00,Debit
FY24-TX-10153,20/03/2024,390000,Journal Entry - Tx 10153 Line 2,-8701.00,Credit
FY24-TX-10186,20/03/2024,610000,Journal Entry - Tx 10186 Line 1,5379.63,Debit
FY24-TX-10186,20/03/2024,401000,Journal Entry - Tx 10186 Line 2,-5379.63,Credit
FY24-TX-10258,20/03/2024,610000,Journal Entry - Tx 10258 Line 1,6150.58,Debit
FY24-TX-10258,20/03/2024,301000,Journal Entry - Tx 10258 Line 2,-6150.58,Credit
FY24-TX-10405,20/03/2024,610000,Journal Entry - Tx 10405 Line 1,9360.48,Debit
FY24-TX-10405,20/03/2024,201000,Journal Entry - Tx 10405 Line 2,-9360.48,Credit
FY24-TX-10092,21/03/2024,601010,Journal Entry - Tx 10092 Line 1,3379.72,Debit
FY24-TX-10092,21/03/2024,210000,Journal Entry - Tx 10092 Line 2,-3379.72,Credit
FY24-TX-10105,21/03/2024,102001,Journal Entry - Tx 10105 Line 1,11389.94,Debit
FY24-TX-10105,21/03/2024,210000,Journal Entry - Tx 10105 Line 2,-11389.94,Credit
FY24-TX-10326,21/03/2024,610000,Journal Entry - Tx 10326 Line 1,10895.29,Debit
FY24-TX-10326,21/03/2024,201000,Journal Entry - Tx 10326 Line 2,-10895.29,Credit
FY24-TX-10367,21/03/2024,102001,Journal Entry - Tx 10367 Line 1,8091.93,Debit
FY24-TX-10367,21/03/2024,201000,Journal Entry - Tx 10367 Line 2,-8091.93,Credit
FY24-TX-10076,22/03/2024,601010,Journal Entry - Tx 10076 Line 1,738.29,Debit
FY24-TX-10076,22/03/2024,201000,Journal Entry - Tx 10076 Line 2,-738.29,Credit
FY24-TX-10380,22/03/2024,101000,Journal Entry - Tx 10380 Line 1,9289.63,Debit
FY24-TX-10380,22/03/2024,402000,Journal Entry - Tx 10380 Line 2,-9289.63,Credit
FY24-TX-10147,23/03/2024,501000,Journal Entry - Tx 10147 Line 1,9157.47,Debit
FY24-TX-10147,23/03/2024,390000,Journal Entry - Tx 10147 Line 2,-9157.47,Credit
FY24-TX-10042,24/03/2024,601010,Journal Entry - Tx 10042 Line 1,6653.25,Debit
FY24-TX-10042,24/03/2024,201000,Journal Entry - Tx 10042 Line 2,-6653.25,Credit
FY24-TX-10048,26/03/2024,601010,Journal Entry - Tx 10048 Line 1,3290.33,Debit
FY24-TX-10048,26/03/2024,390000,Journal Entry - Tx 10048 Line 2,-3290.33,Credit
FY24-TX-10162,26/03/2024,102001,Journal Entry - Tx 10162 Line 1,10344.76,Debit
FY24-TX-10162,26/03/2024,401000,Journal Entry - Tx 10162 Line 2,-10344.76,Credit
FY24-TX-10232,26/03/2024,601010,Journal Entry - Tx 10232 Line 1,9757.84,Debit
FY24-TX-10232,26/03/2024,402000,Journal Entry - Tx 10232 Line 2,-9757.84,Credit
FY24-TX-10133,28/03/2024,110000,Journal Entry - Tx 10133 Line 1,8117.85,Debit
FY24-TX-10133,28/03/2024,401000,Journal Entry - Tx 10133 Line 2,-8117.85,Credit
FY24-TX-10401,28/03/2024,610000,Journal Entry - Tx 10401 Line 1,977.33,Debit
FY24-TX-10401,28/03/2024,201000,Journal Entry - Tx 10401 Line 2,-977.33,Credit
FY24-TX-10128,31/03/2024,110000,Journal Entry - Tx 10128 Line 1,7586.60,Debit
FY24-TX-10128,31/03/2024,390000,Journal Entry - Tx 10128 Line 2,-7586.60,Credit
FY24-TX-10288,31/03/2024,501000,Journal Entry - Tx 10288 Line 1,1009.08,Debit
FY24-TX-10288,31/03/2024,401000,Journal Entry - Tx 10288 Line 2,-1009.08,Credit
FY24-TX-10480,31/03/2024,610000,Journal Entry - Tx 10480 Line 1,10220.68,Debit
FY24-TX-10480,31/03/2024,390000,Journal Entry - Tx 10480 Line 2,-10220.68,Credit
FY24-TX-10106,01/04/2024,101000,Journal Entry - Tx 10106 Line 1,10846.28,Debit
FY24-TX-10106,01/04/2024,210000,Journal Entry - Tx 10106 Line 2,-10846.28,Credit
FY24-TX-10406,01/04/2024,610000,Journal Entry - Tx 10406 Line 1,11702.89,Debit
FY24-TX-10406,01/04/2024,390000,Journal Entry - Tx 10406 Line 2,-11702.89,Credit
FY24-TX-10116,02/04/2024,110000,Journal Entry - Tx 10116 Line 1,7158.45,Debit
FY24-TX-10116,02/04/2024,201000,Journal Entry - Tx 10116 Line 2,-7158.45,Credit
FY24-TX-10374,03/04/2024,601010,Journal Entry - Tx 10374 Line 1,10704.65,Debit
FY24-TX-10374,03/04/2024,402000,Journal Entry - Tx 10374 Line 2,-10704.65,Credit
FY24-TX-10077,06/04/2024,101000,Journal Entry - Tx 10077 Line 1,881.00,Debit
FY24-TX-10077,06/04/2024,402000,Journal Entry - Tx 10077 Line 2,-881.00,Credit
FY24-TX-10489,06/04/2024,501000,Journal Entry - Tx 10489 Line 1,6123.96,Debit
FY24-TX-10489,06/04/2024,301000,Journal Entry - Tx 10489 Line 2,-6123.96,Credit
FY24-TX-10418,07/04/2024,501000,Journal Entry - Tx 10418 Line 1,3982.60,Debit
FY24-TX-10418,07/04/2024,401000,Journal Entry - Tx 10418 Line 2,-3982.60,Credit
FY24-TX-10302,08/04/2024,610000,Journal Entry - Tx 10302 Line 1,7652.50,Debit
FY24-TX-10302,08/04/2024,402000,Journal Entry - Tx 10302 Line 2,-7652.50,Credit
FY24-TX-10486,08/04/2024,101000,Journal Entry - Tx 10486 Line 1,3548.44,Debit
FY24-TX-10486,08/04/2024,402000,Journal Entry - Tx 10486 Line 2,-3548.44,Credit
FY24-TX-10127,09/04/2024,501000,Journal Entry - Tx 10127 Line 1,5195.25,Debit
FY24-TX-10127,09/04/2024,402000,Journal Entry - Tx 10127 Line 2,-5195.25,Credit
FY24-TX-10204,09/04/2024,610000,Journal Entry - Tx 10204 Line 1,3909.30,Debit
FY24-TX-10204,09/04/2024,401000,Journal Entry - Tx 10204 Line 2,-3909.30,Credit
FY24-TX-10179,12/04/2024,610000,Journal Entry - Tx 10179 Line 1,972.64,Debit
FY24-TX-10179,12/04/2024,402000,Journal Entry - Tx 10179 Line 2,-972.64,Credit
FY24-TX-10295,12/04/2024,501000,Journal Entry - Tx 10295 Line 1,12292.32,Debit
FY24-TX-10295,12/04/2024,201000,Journal Entry - Tx 10295 Line 2,-12292.32,Credit
FY24-TX-10050,13/04/2024,501000,Journal Entry - Tx 10050 Line 1,8781.04,Debit
FY24-TX-10050,13/04/2024,402000,Journal Entry - Tx 10050 Line 2,-8781.04,Credit
FY24-TX-10110,13/04/2024,501000,Journal Entry - Tx 10110 Line 1,10051.54,Debit
FY24-TX-10110,13/04/2024,301000,Journal Entry - Tx 10110 Line 2,-10051.54,Credit
FY24-TX-10335,16/04/2024,601010,Journal Entry - Tx 10335 Line 1,882.09,Debit
FY24-TX-10335,16/04/2024,210000,Journal Entry - Tx 10335 Line 2,-882.09,Credit
FY24-TX-10223,17/04/2024,110000,Journal Entry - Tx 10223 Line 1,7709.19,Debit
FY24-TX-10223,17/04/2024,402000,Journal Entry - Tx 10223 Line 2,-7709.19,Credit
FY24-TX-10103,18/04/2024,610000,Journal Entry - Tx 10103 Line 1,8402.46,Debit
FY24-TX-10103,18/04/2024,201000,Journal Entry - Tx 10103 Line 2,-8402.46,Credit
FY24-TX-10130,18/04/2024,601010,Journal Entry - Tx 10130 Line 1,5311.00,Debit
FY24-TX-10130,18/04/2024,401000,Journal Entry - Tx 10130 Line 2,-5311.00,Credit
FY24-TX-10049,19/04/2024,610000,Journal Entry - Tx 10049 Line 1,11428.55,Debit
FY24-TX-10049,19/04/2024,402000,Journal Entry - Tx 10049 Line 2,-11428.55,Credit
FY24-TX-10010,21/04/2024,110000,Journal Entry - Tx 10010 Line 1,11775.48,Debit
FY24-TX-10010,21/04/2024,201000,Journal Entry - Tx 10010 Line 2,-11775.48,Credit
FY24-TX-10356,21/04/2024,102001,Journal Entry - Tx 10356 Line 1,5313.23,Debit
FY24-TX-10356,21/04/2024,390000,Journal Entry - Tx 10356 Line 2,-5313.23,Credit
FY24-TX-10383,21/04/2024,101000,Journal Entry - Tx 10383 Line 1,9295.85,Debit
FY24-TX-10383,21/04/2024,301000,Journal Entry - Tx 10383 Line 2,-9295.85,Credit
FY24-TX-10005,22/04/2024,601010,Journal Entry - Tx 10005 Line 1,2893.19,Debit
FY24-TX-10005,22/04/2024,201000,Journal Entry - Tx 10005 Line 2,-2893.19,Credit
FY24-TX-10054,23/04/2024,610000,Journal Entry - Tx 10054 Line 1,129.15,Debit
FY24-TX-10054,23/04/2024,402000,Journal Entry - Tx 10054 Line 2,-129.15,Credit
FY24-TX-10160,23/04/2024,501000,Journal Entry - Tx 10160 Line 1,3386.91,Debit
FY24-TX-10160,23/04/2024,201000,Journal Entry - Tx 10160 Line 2,-3386.91,Credit
FY24-TX-10455,24/04/2024,110000,Journal Entry - Tx 10455 Line 1,10052.96,Debit
FY24-TX-10455,24/04/2024,201000,Journal Entry - Tx 10455 Line 2,-10052.96,Credit
FY24-TX-10170,25/04/2024,610000,Journal Entry - Tx 10170 Line 1,8011.11,Debit
FY24-TX-10170,25/04/2024,201000,Journal Entry - Tx 10170 Line 2,-8011.11,Credit
FY24-TX-10458,25/04/2024,101000,Journal Entry - Tx 10458 Line 1,386.55,Debit
FY24-TX-10458,25/04/2024,402000,Journal Entry - Tx 10458 Line 2,-386.55,Credit
FY24-TX-10238,28/04/2024,601010,Journal Entry - Tx 10238 Line 1,11833.07,Debit
FY24-TX-10238,28/04/2024,401000,Journal Entry - Tx 10238 Line 2,-11833.07,Credit
FY24-TX-10227,29/04/2024,110000,Journal Entry - Tx 10227 Line 1,3572.88,Debit
FY24-TX-10227,29/04/2024,402000,Journal Entry - Tx 10227 Line 2,-3572.88,Credit
FY24-TX-10290,29/04/2024,110000,Journal Entry - Tx 10290 Line 1,5694.24,Debit
FY24-TX-10290,29/04/2024,390000,Journal Entry - Tx 10290 Line 2,-5694.24,Credit
FY24-TX-10017,30/04/2024,501000,Journal Entry - Tx 10017 Line 1,10663.22,Debit
FY24-TX-10017,30/04/2024,301000,Journal Entry - Tx 10017 Line 2,-10663.22,Credit
FY24-TX-10078,01/05/2024,601010,Journal Entry - Tx 10078 Line 1,4990.88,Debit
FY24-TX-10078,01/05/2024,210000,Journal Entry - Tx 10078 Line 2,-4990.88,Credit
FY24-TX-10135,01/05/2024,102001,Journal Entry - Tx 10135 Line 1,8288.81,Debit
FY24-TX-10135,01/05/2024,210000,Journal Entry - Tx 10135 Line 2,-8288.81,Credit
FY24-TX-10323,01/05/2024,102001,Journal Entry - Tx 10323 Line 1,10917.91,Debit
FY24-TX-10323,01/05/2024,390000,Journal Entry - Tx 10323 Line 2,-10917.91,Credit
FY24-TX-10329,01/05/2024,101000,Journal Entry - Tx 10329 Line 1,10527.96,Debit
FY24-TX-10329,01/05/2024,402000,Journal Entry - Tx 10329 Line 2,-10527.96,Credit
FY24-TX-10457,01/05/2024,101000,Journal Entry - Tx 10457 Line 1,4775.01,Debit
FY24-TX-10457,01/05/2024,301000,Journal Entry - Tx 10457 Line 2,-4775.01,Credit
FY24-TX-10296,02/05/2024,110000,Journal Entry - Tx 10296 Line 1,4716.15,Debit
FY24-TX-10296,02/05/2024,401000,Journal Entry - Tx 10296 Line 2,-4716.15,Credit
FY24-TX-10444,02/05/2024,601010,Journal Entry - Tx 10444 Line 1,11927.19,Debit
FY24-TX-10444,02/05/2024,301000,Journal Entry - Tx 10444 Line 2,-11927.19,Credit
FY24-TX-10465,02/05/2024,101000,Journal Entry - Tx 10465 Line 1,3732.81,Debit
FY24-TX-10465,02/05/2024,210000,Journal Entry - Tx 10465 Line 2,-3732.81,Credit
FY24-TX-10255,03/05/2024,110000,Journal Entry - Tx 10255 Line 1,8742.23,Debit
FY24-TX-10255,03/05/2024,401000,Journal Entry - Tx 10255 Line 2,-8742.23,Credit
FY24-TX-10196,04/05/2024,501000,Journal Entry - Tx 10196 Line 1,8868.40,Debit
FY24-TX-10196,04/05/2024,401000,Journal Entry - Tx 10196 Line 2,-8868.40,Credit
FY24-TX-10197,04/05/2024,610000,Journal Entry - Tx 10197 Line 1,8507.18,Debit
FY24-TX-10197,04/05/2024,402000,Journal Entry - Tx 10197 Line 2,-8507.18,Credit
FY24-TX-10469,04/05/2024,110000,Journal Entry - Tx 10469 Line 1,8849.64,Debit
FY24-TX-10469,04/05/2024,390000,Journal Entry - Tx 10469 Line 2,-8849.64,Credit
FY24-TX-10477,04/05/2024,610000,Journal Entry - Tx 10477 Line 1,9026.13,Debit
FY24-TX-10477,04/05/2024,201000,Journal Entry - Tx 10477 Line 2,-9026.13,Credit
FY24-TX-10180,05/05/2024,110000,Journal Entry - Tx 10180 Line 1,1290.20,Debit
FY24-TX-10180,05/05/2024,402000,Journal Entry - Tx 10180 Line 2,-1290.20,Credit
FY24-TX-10002,06/05/2024,610000,Journal Entry - Tx 10002 Line 1,2777.34,Debit
FY24-TX-10002,06/05/2024,201000,Journal Entry - Tx 10002 Line 2,-2777.34,Credit
FY24-TX-10022,06/05/2024,501000,Journal Entry - Tx 10022 Line 1,2044.15,Debit
FY24-TX-10022,06/05/2024,301000,Journal Entry - Tx 10022 Line 2,-2044.15,Credit
FY24-TX-10087,06/05/2024,102001,Journal Entry - Tx 10087 Line 1,4571.03,Debit
FY24-TX-10087,06/05/2024,390000,Journal Entry - Tx 10087 Line 2,-4571.03,Credit
FY24-TX-10029,07/05/2024,601010,Journal Entry - Tx 10029 Line 1,9173.82,Debit
FY24-TX-10029,07/05/2024,301000,Journal Entry - Tx 10029 Line 2,-9173.82,Credit
FY24-TX-10063,08/05/2024,601010,Journal Entry - Tx 10063 Line 1,2389.70,Debit
FY24-TX-10063,08/05/2024,390000,Journal Entry - Tx 10063 Line 2,-2389.70,Credit
FY24-TX-10065,08/05/2024,101000,Journal Entry - Tx 10065 Line 1,10761.33,Debit
FY24-TX-10065,08/05/2024,390000,Journal Entry - Tx 10065 Line 2,-10761.33,Credit
FY24-TX-10108,08/05/2024,610000,Journal Entry - Tx 10108 Line 1,3311.77,Debit
FY24-TX-10108,08/05/2024,201000,Journal Entry - Tx 10108 Line 2,-3311.77,Credit
FY24-TX-10291,11/05/2024,501000,Journal Entry - Tx 10291 Line 1,8215.80,Debit
FY24-TX-10291,11/05/2024,301000,Journal Entry - Tx 10291 Line 2,-8215.80,Credit
FY24-TX-10359,11/05/2024,102001,Journal Entry - Tx 10359 Line 1,4629.56,Debit
FY24-TX-10359,11/05/2024,402000,Journal Entry - Tx 10359 Line 2,-4629.56,Credit
FY24-TX-10388,11/05/2024,101000,Journal Entry - Tx 10388 Line 1,3589.33,Debit
FY24-TX-10388,11/05/2024,201000,Journal Entry - Tx 10388 Line 2,-3589.33,Credit
FY24-TX-10463,12/05/2024,102001,Journal Entry - Tx 10463 Line 1,2684.71,Debit
FY24-TX-10463,12/05/2024,401000,Journal Entry - Tx 10463 Line 2,-2684.71,Credit
FY24-TX-10148,13/05/2024,610000,Journal Entry - Tx 10148 Line 1,9257.03,Debit
FY24-TX-10148,13/05/2024,301000,Journal Entry - Tx 10148 Line 2,-9257.03,Credit
FY24-TX-10039,15/05/2024,102001,Journal Entry - Tx 10039 Line 1,11955.38,Debit
FY24-TX-10039,15/05/2024,401000,Journal Entry - Tx 10039 Line 2,-11955.38,Credit
FY24-TX-10097,15/05/2024,501000,Journal Entry - Tx 10097 Line 1,2021.83,Debit
FY24-TX-10097,15/05/2024,401000,Journal Entry - Tx 10097 Line 2,-2021.83,Credit
FY24-TX-10070,16/05/2024,501000,Journal Entry - Tx 10070 Line 1,11399.19,Debit
FY24-TX-10070,16/05/2024,301000,Journal Entry - Tx 10070 Line 2,-11399.19,Credit
FY24-TX-10086,16/05/2024,110000,Journal Entry - Tx 10086 Line 1,1664.79,Debit
FY24-TX-10086,16/05/2024,201000,Journal Entry - Tx 10086 Line 2,-1664.79,Credit
FY24-TX-10037,17/05/2024,110000,Journal Entry - Tx 10037 Line 1,9463.25,Debit
FY24-TX-10037,17/05/2024,201000,Journal Entry - Tx 10037 Line 2,-9463.25,Credit
FY24-TX-10231,17/05/2024,101000,Journal Entry - Tx 10231 Line 1,10174.67,Debit
FY24-TX-10231,17/05/2024,201000,Journal Entry - Tx 10231 Line 2,-10174.67,Credit
FY24-TX-10372,17/05/2024,110000,Journal Entry - Tx 10372 Line 1,395.94,Debit
FY24-TX-10372,17/05/2024,402000,Journal Entry - Tx 10372 Line 2,-395.94,Credit
FY24-TX-10189,18/05/2024,102001,Journal Entry - Tx 10189 Line 1,3992.13,Debit
FY24-TX-10189,18/05/2024,201000,Journal Entry - Tx 10189 Line 2,-3992.13,Credit
FY24-TX-10203,19/05/2024,102001,Journal Entry - Tx 10203 Line 1,3799.89,Debit
FY24-TX-10203,19/05/2024,201000,Journal Entry - Tx 10203 Line 2,-3799.89,Credit
FY24-TX-10151,20/05/2024,601010,Journal Entry - Tx 10151 Line 1,4158.15,Debit
FY24-TX-10151,20/05/2024,201000,Journal Entry - Tx 10151 Line 2,-4158.15,Credit
FY24-TX-10235,20/05/2024,501000,Journal Entry - Tx 10235 Line 1,6176.29,Debit
FY24-TX-10235,20/05/2024,390000,Journal Entry - Tx 10235 Line 2,-6176.29,Credit
FY24-TX-10338,22/05/2024,102001,Journal Entry - Tx 10338 Line 1,10564.20,Debit
FY24-TX-10338,22/05/2024,210000,Journal Entry - Tx 10338 Line 2,-10564.20,Credit
FY24-TX-10008,23/05/2024,101000,Journal Entry - Tx 10008 Line 1,9963.81,Debit
FY24-TX-10008,23/05/2024,210000,Journal Entry - Tx 10008 Line 2,-9963.81,Credit
FY24-TX-10113,23/05/2024,110000,Journal Entry - Tx 10113 Line 1,10637.11,Debit
FY24-TX-10113,23/05/2024,301000,Journal Entry - Tx 10113 Line 2,-10637.11,Credit
FY24-TX-10190,23/05/2024,102001,Journal Entry - Tx 10190 Line 1,10848.92,Debit
FY24-TX-10190,23/05/2024,390000,Journal Entry - Tx 10190 Line 2,-10848.92,Credit
FY24-TX-10369,23/05/2024,501000,Journal Entry - Tx 10369 Line 1,7078.90,Debit
FY24-TX-10369,23/05/2024,401000,Journal Entry - Tx 10369 Line 2,-7078.90,Credit
FY24-TX-10194,24/05/2024,610000,Journal Entry - Tx 10194 Line 1,10832.84,Debit
FY24-TX-10194,24/05/2024,301000,Journal Entry - Tx 10194 Line 2,-10832.84,Credit
FY24-TX-10448,25/05/2024,601010,Journal Entry - Tx 10448 Line 1,9580.02,Debit
FY24-TX-10448,25/05/2024,401000,Journal Entry - Tx 10448 Line 2,-9580.02,Credit
FY24-TX-10414,27/05/2024,101000,Journal Entry - Tx 10414 Line 1,981.65,Debit
FY24-TX-10414,27/05/2024,401000,Journal Entry - Tx 10414 Line 2,-981.65,Credit
FY24-TX-10253,28/05/2024,610000,Journal Entry - Tx 10253 Line 1,5411.87,Debit
FY24-TX-10253,28/05/2024,390000,Journal Entry - Tx 10253 Line 2,-5411.87,Credit
FY24-TX-10038,31/05/2024,501000,Journal Entry - Tx 10038 Line 1,5370.79,Debit
FY24-TX-10038,31/05/2024,201000,Journal Entry - Tx 10038 Line 2,-5370.79,Credit
FY24-TX-10199,31/05/2024,610000,Journal Entry - Tx 10199 Line 1,2757.55,Debit
FY24-TX-10199,31/05/2024,210000,Journal Entry - Tx 10199 Line 2,-2757.55,Credit
FY24-TX-10483,31/05/2024,102001,Journal Entry - Tx 10483 Line 1,2512.31,Debit
FY24-TX-10483,31/05/2024,201000,Journal Entry - Tx 10483 Line 2,-2512.31,Credit
FY24-TX-10073,01/06/2024,101000,Journal Entry - Tx 10073 Line 1,2709.80,Debit
FY24-TX-10073,01/06/2024,401000,Journal Entry - Tx 10073 Line 2,-2709.80,Credit
FY24-TX-10208,01/06/2024,102001,Journal Entry - Tx 10208 Line 1,2829.71,Debit
FY24-TX-10208,01/06/2024,301000,Journal Entry - Tx 10208 Line 2,-2829.71,Credit
FY24-TX-10297,01/06/2024,110000,Journal Entry - Tx 10297 Line 1,12210.42,Debit
FY24-TX-10297,01/06/2024,201000,Journal Entry - Tx 10297 Line 2,-12210.42,Credit
FY24-TX-10347,04/06/2024,101000,Journal Entry - Tx 10347 Line 1,5656.15,Debit
FY24-TX-10347,04/06/2024,201000,Journal Entry - Tx 10347 Line 2,-5656.15,Credit
FY24-TX-10322,05/06/2024,101000,Journal Entry - Tx 10322 Line 1,12250.07,Debit
FY24-TX-10322,05/06/2024,201000,Journal Entry - Tx 10322 Line 2,-12250.07,Credit
FY24-TX-10111,06/06/2024,102001,Journal Entry - Tx 10111 Line 1,10099.96,Debit
FY24-TX-10111,06/06/2024,210000,Journal Entry - Tx 10111 Line 2,-10099.96,Credit
FY24-TX-10200,06/06/2024,110000,Journal Entry - Tx 10200 Line 1,8180.48,Debit
FY24-TX-10200,06/06/2024,390000,Journal Entry - Tx 10200 Line 2,-8180.48,Credit
FY24-TX-10102,07/06/2024,101000,Journal Entry - Tx 10102 Line 1,4511.26,Debit
FY24-TX-10102,07/06/2024,301000,Journal Entry - Tx 10102 Line 2,-4511.26,Credit
FY24-TX-10305,08/06/2024,101000,Journal Entry - Tx 10305 Line 1,9708.58,Debit
FY24-TX-10305,08/06/2024,401000,Journal Entry - Tx 10305 Line 2,-9708.58,Credit
FY24-TX-10373,08/06/2024,110000,Journal Entry - Tx 10373 Line 1,11338.13,Debit
FY24-TX-10373,08/06/2024,201000,Journal Entry - Tx 10373 Line 2,-11338.13,Credit
FY24-TX-10400,08/06/2024,102001,Journal Entry - Tx 10400 Line 1,9183.82,Debit
FY24-TX-10400,08/06/2024,301000,Journal Entry - Tx 10400 Line 2,-9183.82,Credit
FY24-TX-10082,10/06/2024,501000,Journal Entry - Tx 10082 Line 1,2967.05,Debit
FY24-TX-10082,10/06/2024,210000,Journal Entry - Tx 10082 Line 2,-2967.05,Credit
FY24-TX-10118,10/06/2024,601010,Journal Entry - Tx 10118 Line 1,5390.75,Debit
FY24-TX-10118,10/06/2024,201000,Journal Entry - Tx 10118 Line 2,-5390.75,Credit
FY24-TX-10027,11/06/2024,501000,Journal Entry - Tx 10027 Line 1,2647.59,Debit
FY24-TX-10027,11/06/2024,390000,Journal Entry - Tx 10027 Line 2,-2647.59,Credit
FY24-TX-10081,11/06/2024,102001,Journal Entry - Tx 10081 Line 1,11499.57,Debit
FY24-TX-10081,11/06/2024,402000,Journal Entry - Tx 10081 Line 2,-11499.57,Credit
FY24-TX-10410,11/06/2024,101000,Journal Entry - Tx 10410 Line 1,1891.58,Debit
FY24-TX-10410,11/06/2024,390000,Journal Entry - Tx 10410 Line 2,-1891.58,Credit
FY24-TX-10484,11/06/2024,601010,Journal Entry - Tx 10484 Line 1,11483.20,Debit
FY24-TX-10484,11/06/2024,390000,Journal Entry - Tx 10484 Line 2,-11483.20,Credit
FY24-TX-10270,12/06/2024,610000,Journal Entry - Tx 10270 Line 1,9170.34,Debit
FY24-TX-10270,12/06/2024,390000,Journal Entry - Tx 10270 Line 2,-9170.34,Credit
FY24-TX-10279,12/06/2024,501000,Journal Entry - Tx 10279 Line 1,7724.93,Debit
FY24-TX-10279,12/06/2024,401000,Journal Entry - Tx 10279 Line 2,-7724.93,Credit
FY24-TX-10268,14/06/2024,610000,Journal Entry - Tx 10268 Line 1,10701.45,Debit
FY24-TX-10268,14/06/2024,210000,Journal Entry - Tx 10268 Line 2,-10701.45,Credit
FY24-TX-10237,15/06/2024,101000,Journal Entry - Tx 10237 Line 1,7441.93,Debit
FY24-TX-10237,15/06/2024,201000,Journal Entry - Tx 10237 Line 2,-7441.93,Credit
FY24-TX-10342,15/06/2024,110000,Journal Entry - Tx 10342 Line 1,234.46,Debit
FY24-TX-10342,15/06/2024,201000,Journal Entry - Tx 10342 Line 2,-234.46,Credit
FY24-TX-10024,16/06/2024,101000,Journal Entry - Tx 10024 Line 1,10373.52,Debit
FY24-TX-10024,16/06/2024,210000,Journal Entry - Tx 10024 Line 2,-10373.52,Credit
FY24-TX-10285,16/06/2024,110000,Journal Entry - Tx 10285 Line 1,9800.92,Debit
FY24-TX-10285,16/06/2024,301000,Journal Entry - Tx 10285 Line 2,-9800.92,Credit
FY24-TX-10307,17/06/2024,102001,Journal Entry - Tx 10307 Line 1,9204.37,Debit
FY24-TX-10307,17/06/2024,210000,Journal Entry - Tx 10307 Line 2,-9204.37,Credit
FY24-TX-10493,17/06/2024,110000,Journal Entry - Tx 10493 Line 1,8143.21,Debit
FY24-TX-10493,17/06/2024,390000,Journal Entry - Tx 10493 Line 2,-8143.21,Credit
FY24-TX-10278,18/06/2024,601010,Journal Entry - Tx 10278 Line 1,10489.85,Debit
FY24-TX-10278,18/06/2024,390000,Journal Entry - Tx 10278 Line 2,-10489.85,Credit
FY24-TX-10433,18/06/2024,610000,Journal Entry - Tx 10433 Line 1,10009.83,Debit
FY24-TX-10433,18/06/2024,402000,Journal Entry - Tx 10433 Line 2,-10009.83,Credit
FY24-TX-10115,19/06/2024,101000,Journal Entry - Tx 10115 Line 1,11555.11,Debit
FY24-TX-10115,19/06/2024,301000,Journal Entry - Tx 10115 Line 2,-11555.11,Credit
FY24-TX-10487,19/06/2024,110000,Journal Entry - Tx 10487 Line 1,3390.36,Debit
FY24-TX-10487,19/06/2024,390000,Journal Entry - Tx 10487 Line 2,-3390.36,Credit
FY24-TX-10107,20/06/2024,501000,Journal Entry - Tx 10107 Line 1,9632.28,Debit
FY24-TX-10107,20/06/2024,402000,Journal Entry - Tx 10107 Line 2,-9632.28,Credit
FY24-TX-10334,20/06/2024,102001,Journal Entry - Tx 10334 Line 1,3026.92,Debit
FY24-TX-10334,20/06/2024,401000,Journal Entry - Tx 10334 Line 2,-3026.92,Credit
FY24-TX-10429,20/06/2024,610000,Journal Entry - Tx 10429 Line 1,1040.13,Debit
FY24-TX-10429,20/06/2024,210000,Journal Entry - Tx 10429 Line 2,-1040.13,Credit
FY24-TX-10426,21/06/2024,101000,Journal Entry - Tx 10426 Line 1,849.01,Debit
FY24-TX-10426,21/06/2024,401000,Journal Entry - Tx 10426 Line 2,-849.01,Credit
FY24-TX-10311,23/06/2024,501000,Journal Entry - Tx 10311 Line 1,9900.09,Debit
FY24-TX-10311,23/06/2024,201000,Journal Entry - Tx 10311 Line 2,-9900.09,Credit
FY24-TX-10357,23/06/2024,501000,Journal Entry - Tx 10357 Line 1,10184.33,Debit
FY24-TX-10357,23/06/2024,390000,Journal Entry - Tx 10357 Line 2,-10184.33,Credit
FY24-TX-10263,24/06/2024,601010,Journal Entry - Tx 10263 Line 1,11493.95,Debit
FY24-TX-10263,24/06/2024,301000,Journal Entry - Tx 10263 Line 2,-11493.95,Credit
FY24-TX-10093,25/06/2024,610000,Journal Entry - Tx 10093 Line 1,2536.90,Debit
FY24-TX-10093,25/06/2024,301000,Journal Entry - Tx 10093 Line 2,-2536.90,Credit
FY24-TX-10420,25/06/2024,101000,Journal Entry - Tx 10420 Line 1,12084.06,Debit
FY24-TX-10420,25/06/2024,401000,Journal Entry - Tx 10420 Line 2,-12084.06,Credit
FY24-TX-10293,26/06/2024,110000,Journal Entry - Tx 10293 Line 1,12148.62,Debit
FY24-TX-10293,26/06/2024,402000,Journal Entry - Tx 10293 Line 2,-12148.62,Credit
FY24-TX-10182,27/06/2024,610000,Journal Entry - Tx 10182 Line 1,6571.92,Debit
FY24-TX-10182,27/06/2024,301000,Journal Entry - Tx 10182 Line 2,-6571.92,Credit
FY24-TX-10368,29/06/2024,110000,Journal Entry - Tx 10368 Line 1,10404.43,Debit
FY24-TX-10368,29/06/2024,201000,Journal Entry - Tx 10368 Line 2,-10404.43,Credit
FY24-TX-10430,29/06/2024,610000,Journal Entry - Tx 10430 Line 1,3844.13,Debit
FY24-TX-10430,29/06/2024,402000,Journal Entry - Tx 10430 Line 2,-3844.13,Credit
FY24-TX-10366,30/06/2024,601010,Journal Entry - Tx 10366 Line 1,1311.04,Debit
FY24-TX-10366,30/06/2024,210000,Journal Entry - Tx 10366 Line 2,-1311.04,Credit
FY24-TX-10496,30/06/2024,501000,Journal Entry - Tx 10496 Line 1,7578.46,Debit
FY24-TX-10496,30/06/2024,301000,Journal Entry - Tx 10496 Line 2,-7578.46,Credit
FY24-TX-10104,01/07/2024,501000,Journal Entry - Tx 10104 Line 1,9604.45,Debit
FY24-TX-10104,01/07/2024,401000,Journal Entry - Tx 10104 Line 2,-9604.45,Credit
FY24-TX-10364,01/07/2024,501000,Journal Entry - Tx 10364 Line 1,10750.55,Debit
FY24-TX-10364,01/07/2024,402000,Journal Entry - Tx 10364 Line 2,-10750.55,Credit
FY24-TX-10341,03/07/2024,102001,Journal Entry - Tx 10341 Line 1,9725.42,Debit
FY24-TX-10341,03/07/2024,401000,Journal Entry - Tx 10341 Line 2,-9725.42,Credit
FY24-TX-10015,05/07/2024,610000,Journal Entry - Tx 10015 Line 1,7118.76,Debit
FY24-TX-10015,05/07/2024,201000,Journal Entry - Tx 10015 Line 2,-7118.76,Credit
FY24-TX-10031,05/07/2024,102001,Journal Entry - Tx 10031 Line 1,2729.66,Debit
FY24-TX-10031,05/07/2024,401000,Journal Entry - Tx 10031 Line 2,-2729.66,Credit
FY24-TX-10044,05/07/2024,110000,Journal Entry - Tx 10044 Line 1,10813.25,Debit
FY24-TX-10044,05/07/2024,210000,Journal Entry - Tx 10044 Line 2,-10813.25,Credit
FY24-TX-10185,05/07/2024,501000,Journal Entry - Tx 10185 Line 1,7832.64,Debit
FY24-TX-10185,05/07/2024,402000,Journal Entry - Tx 10185 Line 2,-7832.64,Credit
FY24-TX-10436,05/07/2024,102001,Journal Entry - Tx 10436 Line 1,3827.39,Debit
FY24-TX-10436,05/07/2024,301000,Journal Entry - Tx 10436 Line 2,-3827.39,Credit
FY24-TX-10306,06/07/2024,101000,Journal Entry - Tx 10306 Line 1,9019.00,Debit
FY24-TX-10306,06/07/2024,301000,Journal Entry - Tx 10306 Line 2,-9019.00,Credit
FY24-TX-10330,08/07/2024,610000,Journal Entry - Tx 10330 Line 1,6715.60,Debit
FY24-TX-10330,08/07/2024,301000,Journal Entry - Tx 10330 Line 2,-6715.60,Credit
FY24-TX-10019,09/07/2024,610000,Journal Entry - Tx 10019 Line 1,4396.27,Debit
FY24-TX-10019,09/07/2024,301000,Journal Entry - Tx 10019 Line 2,-4396.27,Credit
FY24-TX-10378,09/07/2024,110000,Journal Entry - Tx 10378 Line 1,3861.36,Debit
FY24-TX-10378,09/07/2024,401000,Journal Entry - Tx 10378 Line 2,-3861.36,Credit
FY24-TX-10317,10/07/2024,102001,Journal Entry - Tx 10317 Line 1,1369.21,Debit
FY24-TX-10317,10/07/2024,390000,Journal Entry - Tx 10317 Line 2,-1369.21,Credit
FY24-TX-10286,11/07/2024,102001,Journal Entry - Tx 10286 Line 1,5320.79,Debit
FY24-TX-10286,11/07/2024,401000,Journal Entry - Tx 10286 Line 2,-5320.79,Credit
FY24-TX-10377,12/07/2024,110000,Journal Entry - Tx 10377 Line 1,5187.73,Debit
FY24-TX-10377,12/07/2024,210000,Journal Entry - Tx 10377 Line 2,-5187.73,Credit
FY24-TX-10157,14/07/2024,110000,Journal Entry - Tx 10157 Line 1,5888.30,Debit
FY24-TX-10157,14/07/2024,301000,Journal Entry - Tx 10157 Line 2,-5888.30,Credit
FY24-TX-10220,14/07/2024,501000,Journal Entry - Tx 10220 Line 1,5563.86,Debit
FY24-TX-10220,14/07/2024,301000,Journal Entry - Tx 10220 Line 2,-5563.86,Credit
FY24-TX-10390,14/07/2024,102001,Journal Entry - Tx 10390 Line 1,6569.93,Debit
FY24-TX-10390,14/07/2024,401000,Journal Entry - Tx 10390 Line 2,-6569.93,Credit
FY24-TX-10109,15/07/2024,501000,Journal Entry - Tx 10109 Line 1,10732.89,Debit
FY24-TX-10109,15/07/2024,210000,Journal Entry - Tx 10109 Line 2,-10732.89,Credit
FY24-TX-10261,16/07/2024,601010,Journal Entry - Tx 10261 Line 1,2377.70,Debit
FY24-TX-10261,16/07/2024,401000,Journal Entry - Tx 10261 Line 2,-2377.70,Credit
FY24-TX-10119,17/07/2024,102001,Journal Entry - Tx 10119 Line 1,11068.03,Debit
FY24-TX-10119,17/07/2024,301000,Journal Entry - Tx 10119 Line 2,-11068.03,Credit
FY24-TX-10271,17/07/2024,610000,Journal Entry - Tx 10271 Line 1,12157.97,Debit
FY24-TX-10271,17/07/2024,210000,Journal Entry - Tx 10271 Line 2,-12157.97,Credit
FY24-TX-10424,18/07/2024,110000,Journal Entry - Tx 10424 Line 1,5052.10,Debit
FY24-TX-10424,18/07/2024,402000,Journal Entry - Tx 10424 Line 2,-5052.10,Credit
FY24-TX-10158,19/07/2024,501000,Journal Entry - Tx 10158 Line 1,10503.42,Debit
FY24-TX-10158,19/07/2024,401000,Journal Entry - Tx 10158 Line 2,-10503.42,Credit
FY24-TX-10161,19/07/2024,610000,Journal Entry - Tx 10161 Line 1,4161.61,Debit
FY24-TX-10161,19/07/2024,390000,Journal Entry - Tx 10161 Line 2,-4161.61,Credit
FY24-TX-10392,23/07/2024,101000,Journal Entry - Tx 10392 Line 1,10605.37,Debit
FY24-TX-10392,23/07/2024,390000,Journal Entry - Tx 10392 Line 2,-10605.37,Credit
FY24-TX-10488,24/07/2024,501000,Journal Entry - Tx 10488 Line 1,9153.21,Debit
FY24-TX-10488,24/07/2024,301000,Journal Entry - Tx 10488 Line 2,-9153.21,Credit
FY24-TX-10246,25/07/2024,601010,Journal Entry - Tx 10246 Line 1,10014.50,Debit
FY24-TX-10246,25/07/2024,201000,Journal Entry - Tx 10246 Line 2,-10014.50,Credit
FY24-TX-10375,25/07/2024,610000,Journal Entry - Tx 10375 Line 1,894.05,Debit
FY24-TX-10375,25/07/2024,402000,Journal Entry - Tx 10375 Line 2,-894.05,Credit
FY24-TX-10126,26/07/2024,601010,Journal Entry - Tx 10126 Line 1,8588.08,Debit
FY24-TX-10126,26/07/2024,210000,Journal Entry - Tx 10126 Line 2,-8588.08,Credit
FY24-TX-10059,28/07/2024,101000,Journal Entry - Tx 10059 Line 1,2375.24,Debit
FY24-TX-10059,28/07/2024,402000,Journal Entry - Tx 10059 Line 2,-2375.24,Credit
FY24-TX-10068,28/07/2024,102001,Journal Entry - Tx 10068 Line 1,5994.47,Debit
FY24-TX-10068,28/07/2024,390000,Journal Entry - Tx 10068 Line 2,-5994.47,Credit
FY24-TX-10154,28/07/2024,501000,Journal Entry - Tx 10154 Line 1,4097.28,Debit
FY24-TX-10154,28/07/2024,390000,Journal Entry - Tx 10154 Line 2,-4097.28,Credit
FY24-TX-10321,29/07/2024,101000,Journal Entry - Tx 10321 Line 1,1471.33,Debit
FY24-TX-10321,29/07/2024,201000,Journal Entry - Tx 10321 Line 2,-1471.33,Credit
FY24-TX-10245,30/07/2024,110000,Journal Entry - Tx 10245 Line 1,8544.74,Debit
FY24-TX-10245,30/07/2024,402000,Journal Entry - Tx 10245 Line 2,-8544.74,Credit
FY24-TX-10287,30/07/2024,102001,Journal Entry - Tx 10287 Line 1,6978.71,Debit
FY24-TX-10287,30/07/2024,210000,Journal Entry - Tx 10287 Line 2,-6978.71,Credit
FY24-TX-10250,31/07/2024,601010,Journal Entry - Tx 10250 Line 1,705.49,Debit
FY24-TX-10250,31/07/2024,301000,Journal Entry - Tx 10250 Line 2,-705.49,Credit
FY24-TX-10138,01/08/2024,601010,Journal Entry - Tx 10138 Line 1,10904.16,Debit
FY24-TX-10138,01/08/2024,210000,Journal Entry - Tx 10138 Line 2,-10904.16,Credit
FY24-TX-10456,01/08/2024,601010,Journal Entry - Tx 10456 Line 1,693.88,Debit
FY24-TX-10456,01/08/2024,301000,Journal Entry - Tx 10456 Line 2,-693.88,Credit
FY24-TX-10471,02/08/2024,610000,Journal Entry - Tx 10471 Line 1,2337.28,Debit
FY24-TX-10471,02/08/2024,201000,Journal Entry - Tx 10471 Line 2,-2337.28,Credit
FY24-TX-10080,03/08/2024,601010,Journal Entry - Tx 10080 Line 1,8099.74,Debit
FY24-TX-10080,03/08/2024,401000,Journal Entry - Tx 10080 Line 2,-8099.74,Credit
FY24-TX-10449,03/08/2024,102001,Journal Entry - Tx 10449 Line 1,11886.48,Debit
FY24-TX-10449,03/08/2024,401000,Journal Entry - Tx 10449 Line 2,-11886.48,Credit
FY24-TX-10466,03/08/2024,601010,Journal Entry - Tx 10466 Line 1,7873.91,Debit
FY24-TX-10466,03/08/2024,390000,Journal Entry - Tx 10466 Line 2,-7873.91,Credit
FY24-TX-10168,04/08/2024,101000,Journal Entry - Tx 10168 Line 1,3133.60,Debit
FY24-TX-10168,04/08/2024,390000,Journal Entry - Tx 10168 Line 2,-3133.60,Credit
FY24-TX-10184,04/08/2024,101000,Journal Entry - Tx 10184 Line 1,10121.96,Debit
FY24-TX-10184,04/08/2024,390000,Journal Entry - Tx 10184 Line 2,-10121.96,Credit
FY24-TX-10071,05/08/2024,610000,Journal Entry - Tx 10071 Line 1,8580.51,Debit
FY24-TX-10071,05/08/2024,401000,Journal Entry - Tx 10071 Line 2,-8580.51,Credit
FY24-TX-10141,06/08/2024,610000,Journal Entry - Tx 10141 Line 1,2723.77,Debit
FY24-TX-10141,06/08/2024,401000,Journal Entry - Tx 10141 Line 2,-2723.77,Credit
FY24-TX-10294,06/08/2024,501000,Journal Entry - Tx 10294 Line 1,8503.56,Debit
FY24-TX-10294,06/08/2024,301000,Journal Entry - Tx 10294 Line 2,-8503.56,Credit
FY24-TX-10491,06/08/2024,601010,Journal Entry - Tx 10491 Line 1,1008.57,Debit
FY24-TX-10491,06/08/2024,210000,Journal Entry - Tx 10491 Line 2,-1008.57,Credit
FY24-TX-10146,07/08/2024,601010,Journal Entry - Tx 10146 Line 1,10222.95,Debit
FY24-TX-10146,07/08/2024,390000,Journal Entry - Tx 10146 Line 2,-10222.95,Credit
FY24-TX-10165,08/08/2024,501000,Journal Entry - Tx 10165 Line 1,1704.54,Debit
FY24-TX-10165,08/08/2024,210000,Journal Entry - Tx 10165 Line 2,-1704.54,Credit
FY24-TX-10060,09/08/2024,501000,Journal Entry - Tx 10060 Line 1,4384.34,Debit
FY24-TX-10060,09/08/2024,390000,Journal Entry - Tx 10060 Line 2,-4384.34,Credit
FY24-TX-10354,09/08/2024,610000,Journal Entry - Tx 10354 Line 1,1256.83,Debit
FY24-TX-10354,09/08/2024,201000,Journal Entry - Tx 10354 Line 2,-1256.83,Credit
FY24-TX-10384,09/08/2024,610000,Journal Entry - Tx 10384 Line 1,1400.40,Debit
FY24-TX-10384,09/08/2024,402000,Journal Entry - Tx 10384 Line 2,-1400.40,Credit
FY24-TX-10361,10/08/2024,610000,Journal Entry - Tx 10361 Line 1,1224.78,Debit
FY24-TX-10361,10/08/2024,301000,Journal Entry - Tx 10361 Line 2,-1224.78,Credit
FY24-TX-10398,12/08/2024,102001,Journal Entry - Tx 10398 Line 1,10393.53,Debit
FY24-TX-10398,12/08/2024,390000,Journal Entry - Tx 10398 Line 2,-10393.53,Credit
FY24-TX-10422,13/08/2024,601010,Journal Entry - Tx 10422 Line 1,12189.50,Debit
FY24-TX-10422,13/08/2024,401000,Journal Entry - Tx 10422 Line 2,-12189.50,Credit
FY24-TX-10443,13/08/2024,110000,Journal Entry - Tx 10443 Line 1,576.62,Debit
FY24-TX-10443,13/08/2024,402000,Journal Entry - Tx 10443 Line 2,-576.62,Credit
FY24-TX-10150,14/08/2024,110000,Journal Entry - Tx 10150 Line 1,990.87,Debit
FY24-TX-10150,14/08/2024,210000,Journal Entry - Tx 10150 Line 2,-990.87,Credit
FY24-TX-10145,15/08/2024,610000,Journal Entry - Tx 10145 Line 1,7551.50,Debit
FY24-TX-10145,15/08/2024,401000,Journal Entry - Tx 10145 Line 2,-7551.50,Credit
FY24-TX-10411,15/08/2024,110000,Journal Entry - Tx 10411 Line 1,7781.15,Debit
FY24-TX-10411,15/08/2024,401000,Journal Entry - Tx 10411 Line 2,-7781.15,Credit
FY24-TX-10495,16/08/2024,101000,Journal Entry - Tx 10495 Line 1,4350.62,Debit
FY24-TX-10495,16/08/2024,402000,Journal Entry - Tx 10495 Line 2,-4350.62,Credit
FY24-TX-10266,17/08/2024,110000,Journal Entry - Tx 10266 Line 1,6643.46,Debit
FY24-TX-10266,17/08/2024,301000,Journal Entry - Tx 10266 Line 2,-6643.46,Credit
FY24-TX-10445,18/08/2024,102001,Journal Entry - Tx 10445 Line 1,2909.64,Debit
FY24-TX-10445,18/08/2024,301000,Journal Entry - Tx 10445 Line 2,-2909.64,Credit
FY24-TX-10417,19/08/2024,601010,Journal Entry - Tx 10417 Line 1,11185.05,Debit
FY24-TX-10417,19/08/2024,402000,Journal Entry - Tx 10417 Line 2,-11185.05,Credit
FY24-TX-10018,21/08/2024,110000,Journal Entry - Tx 10018 Line 1,7833.85,Debit
FY24-TX-10018,21/08/2024,210000,Journal Entry - Tx 10018 Line 2,-7833.85,Credit
FY24-TX-10167,21/08/2024,501000,Journal Entry - Tx 10167 Line 1,4047.80,Debit
FY24-TX-10167,21/08/2024,301000,Journal Entry - Tx 10167 Line 2,-4047.80,Credit
FY24-TX-10228,21/08/2024,102001,Journal Entry - Tx 10228 Line 1,913.59,Debit
FY24-TX-10228,21/08/2024,301000,Journal Entry - Tx 10228 Line 2,-913.59,Credit
FY24-TX-10247,21/08/2024,110000,Journal Entry - Tx 10247 Line 1,1120.52,Debit
FY24-TX-10247,21/08/2024,301000,Journal Entry - Tx 10247 Line 2,-1120.52,Credit
FY24-TX-10324,21/08/2024,610000,Journal Entry - Tx 10324 Line 1,4589.23,Debit
FY24-TX-10324,21/08/2024,402000,Journal Entry - Tx 10324 Line 2,-4589.23,Credit
FY24-TX-10332,21/08/2024,102001,Journal Entry - Tx 10332 Line 1,1164.83,Debit
FY24-TX-10332,21/08/2024,402000,Journal Entry - Tx 10332 Line 2,-1164.83,Credit
FY24-TX-10143,22/08/2024,501000,Journal Entry - Tx 10143 Line 1,1675.60,Debit
FY24-TX-10143,22/08/2024,402000,Journal Entry - Tx 10143 Line 2,-1675.60,Credit
FY24-TX-10013,24/08/2024,501000,Journal Entry - Tx 10013 Line 1,6614.62,Debit
FY24-TX-10013,24/08/2024,201000,Journal Entry - Tx 10013 Line 2,-6614.62,Credit
FY24-TX-10397,24/08/2024,110000,Journal Entry - Tx 10397 Line 1,10240.81,Debit
FY24-TX-10397,24/08/2024,201000,Journal Entry - Tx 10397 Line 2,-10240.81,Credit
FY24-TX-10413,25/08/2024,101000,Journal Entry - Tx 10413 Line 1,5581.01,Debit
FY24-TX-10413,25/08/2024,301000,Journal Entry - Tx 10413 Line 2,-5581.01,Credit
FY24-TX-10142,26/08/2024,102001,Journal Entry - Tx 10142 Line 1,656.62,Debit
FY24-TX-10142,26/08/2024,201000,Journal Entry - Tx 10142 Line 2,-656.62,Credit
FY24-TX-10320,26/08/2024,110000,Journal Entry - Tx 10320 Line 1,11189.19,Debit
FY24-TX-10320,26/08/2024,402000,Journal Entry - Tx 10320 Line 2,-11189.19,Credit
FY24-TX-10407,26/08/2024,601010,Journal Entry - Tx 10407 Line 1,9289.76,Debit
FY24-TX-10407,26/08/2024,390000,Journal Entry - Tx 10407 Line 2,-9289.76,Credit
FY24-TX-10188,27/08/2024,610000,Journal Entry - Tx 10188 Line 1,5380.71,Debit
FY24-TX-10188,27/08/2024,401000,Journal Entry - Tx 10188 Line 2,-5380.71,Credit
FY24-TX-10035,28/08/2024,601010,Journal Entry - Tx 10035 Line 1,6527.41,Debit
FY24-TX-10035,28/08/2024,201000,Journal Entry - Tx 10035 Line 2,-6527.41,Credit
FY24-TX-10234,28/08/2024,610000,Journal Entry - Tx 10234 Line 1,8483.51,Debit
FY24-TX-10234,28/08/2024,390000,Journal Entry - Tx 10234 Line 2,-8483.51,Credit
FY24-TX-10213,29/08/2024,110000,Journal Entry - Tx 10213 Line 1,5909.56,Debit
FY24-TX-10213,29/08/2024,210000,Journal Entry - Tx 10213 Line 2,-5909.56,Credit
FY24-TX-10243,29/08/2024,110000,Journal Entry - Tx 10243 Line 1,4306.66,Debit
FY24-TX-10243,29/08/2024,301000,Journal Entry - Tx 10243 Line 2,-4306.66,Credit
FY24-TX-10446,29/08/2024,102001,Journal Entry - Tx 10446 Line 1,11122.82,Debit
FY24-TX-10446,29/08/2024,301000,Journal Entry - Tx 10446 Line 2,-11122.82,Credit
FY24-TX-10260,30/08/2024,601010,Journal Entry - Tx 10260 Line 1,3028.90,Debit
FY24-TX-10260,30/08/2024,210000,Journal Entry - Tx 10260 Line 2,-3028.90,Credit
FY24-TX-10360,31/08/2024,101000,Journal Entry - Tx 10360 Line 1,863.98,Debit
FY24-TX-10360,31/08/2024,201000,Journal Entry - Tx 10360 Line 2,-863.98,Credit
FY24-TX-10348,03/09/2024,501000,Journal Entry - Tx 10348 Line 1,10428.03,Debit
FY24-TX-10348,03/09/2024,402000,Journal Entry - Tx 10348 Line 2,-10428.03,Credit
FY24-TX-10310,04/09/2024,110000,Journal Entry - Tx 10310 Line 1,11900.16,Debit
FY24-TX-10310,04/09/2024,402000,Journal Entry - Tx 10310 Line 2,-11900.16,Credit
FY24-TX-10451,04/09/2024,601010,Journal Entry - Tx 10451 Line 1,10756.80,Debit
FY24-TX-10451,04/09/2024,201000,Journal Entry - Tx 10451 Line 2,-10756.80,Credit
FY24-TX-10206,05/09/2024,601010,Journal Entry - Tx 10206 Line 1,3430.61,Debit
FY24-TX-10206,05/09/2024,401000,Journal Entry - Tx 10206 Line 2,-3430.61,Credit
FY24-TX-10057,06/09/2024,102001,Journal Entry - Tx 10057 Line 1,2667.33,Debit
FY24-TX-10057,06/09/2024,402000,Journal Entry - Tx 10057 Line 2,-2667.33,Credit
FY24-TX-10382,06/09/2024,501000,Journal Entry - Tx 10382 Line 1,7483.15,Debit
FY24-TX-10382,06/09/2024,301000,Journal Entry - Tx 10382 Line 2,-7483.15,Credit
FY24-TX-10437,06/09/2024,102001,Journal Entry - Tx 10437 Line 1,2394.79,Debit
FY24-TX-10437,06/09/2024,210000,Journal Entry - Tx 10437 Line 2,-2394.79,Credit
FY24-TX-10193,07/09/2024,110000,Journal Entry - Tx 10193 Line 1,2641.38,Debit
FY24-TX-10193,07/09/2024,301000,Journal Entry - Tx 10193 Line 2,-2641.38,Credit
FY24-TX-10327,08/09/2024,110000,Journal Entry - Tx 10327 Line 1,7588.28,Debit
FY24-TX-10327,08/09/2024,201000,Journal Entry - Tx 10327 Line 2,-7588.28,Credit
FY24-TX-10198,09/09/2024,101000,Journal Entry - Tx 10198 Line 1,5535.17,Debit
FY24-TX-10198,09/09/2024,201000,Journal Entry - Tx 10198 Line 2,-5535.17,Credit
FY24-TX-10032,10/09/2024,101000,Journal Entry - Tx 10032 Line 1,1155.46,Debit
FY24-TX-10032,10/09/2024,201000,Journal Entry - Tx 10032 Line 2,-1155.46,Credit
FY24-TX-10272,11/09/2024,102001,Journal Entry - Tx 10272 Line 1,11868.79,Debit
FY24-TX-10272,11/09/2024,401000,Journal Entry - Tx 10272 Line 2,-11868.79,Credit
FY24-TX-10300,12/09/2024,110000,Journal Entry - Tx 10300 Line 1,10250.77,Debit
FY24-TX-10300,12/09/2024,210000,Journal Entry - Tx 10300 Line 2,-10250.77,Credit
FY24-TX-10389,12/09/2024,102001,Journal Entry - Tx 10389 Line 1,9198.65,Debit
FY24-TX-10389,12/09/2024,210000,Journal Entry - Tx 10389 Line 2,-9198.65,Credit
FY24-TX-10309,14/09/2024,102001,Journal Entry - Tx 10309 Line 1,11239.44,Debit
FY24-TX-10309,14/09/2024,301000,Journal Entry - Tx 10309 Line 2,-11239.44,Credit
FY24-TX-10094,16/09/2024,101000,Journal Entry - Tx 10094 Line 1,6029.91,Debit
FY24-TX-10094,16/09/2024,201000,Journal Entry - Tx 10094 Line 2,-6029.91,Credit
FY24-TX-10041,17/09/2024,102001,Journal Entry - Tx 10041 Line 1,7506.36,Debit
FY24-TX-10041,17/09/2024,301000,Journal Entry - Tx 10041 Line 2,-7506.36,Credit
FY24-TX-10125,17/09/2024,501000,Journal Entry - Tx 10125 Line 1,3832.52,Debit
FY24-TX-10125,17/09/2024,301000,Journal Entry - Tx 10125 Line 2,-3832.52,Credit
FY24-TX-10259,18/09/2024,501000,Journal Entry - Tx 10259 Line 1,8688.64,Debit
FY24-TX-10259,18/09/2024,390000,Journal Entry - Tx 10259 Line 2,-8688.64,Credit
FY24-TX-10454,20/09/2024,501000,Journal Entry - Tx 10454 Line 1,1847.35,Debit
FY24-TX-10454,20/09/2024,201000,Journal Entry - Tx 10454 Line 2,-1847.35,Credit
FY24-TX-10241,23/09/2024,110000,Journal Entry - Tx 10241 Line 1,8027.86,Debit
FY24-TX-10241,23/09/2024,210000,Journal Entry - Tx 10241 Line 2,-8027.86,Credit
FY24-TX-10490,23/09/2024,101000,Journal Entry - Tx 10490 Line 1,3310.73,Debit
FY24-TX-10490,23/09/2024,402000,Journal Entry - Tx 10490 Line 2,-3310.73,Credit
FY24-TX-10149,24/09/2024,102001,Journal Entry - Tx 10149 Line 1,5981.68,Debit
FY24-TX-10149,24/09/2024,301000,Journal Entry - Tx 10149 Line 2,-5981.68,Credit
FY24-TX-10472,26/09/2024,101000,Journal Entry - Tx 10472 Line 1,11989.29,Debit
FY24-TX-10472,26/09/2024,401000,Journal Entry - Tx 10472 Line 2,-11989.29,Credit
FY24-TX-10089,28/09/2024,601010,Journal Entry - Tx 10089 Line 1,136.91,Debit
FY24-TX-10089,28/09/2024,301000,Journal Entry - Tx 10089 Line 2,-136.91,Credit
FY24-TX-10144,29/09/2024,601010,Journal Entry - Tx 10144 Line 1,12151.57,Debit
FY24-TX-10144,29/09/2024,301000,Journal Entry - Tx 10144 Line 2,-12151.57,Credit
FY24-TX-10353,29/09/2024,601010,Journal Entry - Tx 10353 Line 1,3656.15,Debit
FY24-TX-10353,29/09/2024,401000,Journal Entry - Tx 10353 Line 2,-3656.15,Credit
FY24-TX-10402,29/09/2024,110000,Journal Entry - Tx 10402 Line 1,6292.50,Debit
FY24-TX-10402,29/09/2024,301000,Journal Entry - Tx 10402 Line 2,-6292.50,Credit
FY24-TX-10163,01/10/2024,501000,Journal Entry - Tx 10163 Line 1,371.58,Debit
FY24-TX-10163,01/10/2024,401000,Journal Entry - Tx 10163 Line 2,-371.58,Credit
FY24-TX-10315,02/10/2024,110000,Journal Entry - Tx 10315 Line 1,1556.07,Debit
FY24-TX-10315,02/10/2024,402000,Journal Entry - Tx 10315 Line 2,-1556.07,Credit
FY24-TX-10468,02/10/2024,601010,Journal Entry - Tx 10468 Line 1,242.48,Debit
FY24-TX-10468,02/10/2024,401000,Journal Entry - Tx 10468 Line 2,-242.48,Credit
FY24-TX-10121,03/10/2024,610000,Journal Entry - Tx 10121 Line 1,8461.18,Debit
FY24-TX-10121,03/10/2024,402000,Journal Entry - Tx 10121 Line 2,-8461.18,Credit
FY24-TX-10325,04/10/2024,610000,Journal Entry - Tx 10325 Line 1,5179.07,Debit
FY24-TX-10325,04/10/2024,402000,Journal Entry - Tx 10325 Line 2,-5179.07,Credit
FY24-TX-10339,04/10/2024,102001,Journal Entry - Tx 10339 Line 1,3113.77,Debit
FY24-TX-10339,04/10/2024,201000,Journal Entry - Tx 10339 Line 2,-3113.77,Credit
FY24-TX-10439,04/10/2024,601010,Journal Entry - Tx 10439 Line 1,10278.73,Debit
FY24-TX-10439,04/10/2024,201000,Journal Entry - Tx 10439 Line 2,-10278.73,Credit
FY24-TX-10074,05/10/2024,110000,Journal Entry - Tx 10074 Line 1,788.28,Debit
FY24-TX-10074,05/10/2024,201000,Journal Entry - Tx 10074 Line 2,-788.28,Credit
FY24-TX-10088,06/10/2024,601010,Journal Entry - Tx 10088 Line 1,8665.69,Debit
FY24-TX-10088,06/10/2024,402000,Journal Entry - Tx 10088 Line 2,-8665.69,Credit
FY24-TX-10473,06/10/2024,601010,Journal Entry - Tx 10473 Line 1,6260.33,Debit
FY24-TX-10473,06/10/2024,401000,Journal Entry - Tx 10473 Line 2,-6260.33,Credit
FY24-TX-10485,06/10/2024,101000,Journal Entry - Tx 10485 Line 1,5844.41,Debit
FY24-TX-10485,06/10/2024,402000,Journal Entry - Tx 10485 Line 2,-5844.41,Credit
FY24-TX-10007,07/10/2024,501000,Journal Entry - Tx 10007 Line 1,5183.89,Debit
FY24-TX-10007,07/10/2024,401000,Journal Entry - Tx 10007 Line 2,-5183.89,Credit
FY24-TX-10100,07/10/2024,110000,Journal Entry - Tx 10100 Line 1,482.67,Debit
FY24-TX-10100,07/10/2024,401000,Journal Entry - Tx 10100 Line 2,-482.67,Credit
FY24-TX-10159,07/10/2024,102001,Journal Entry - Tx 10159 Line 1,9846.58,Debit
FY24-TX-10159,07/10/2024,390000,Journal Entry - Tx 10159 Line 2,-9846.58,Credit
FY24-TX-10492,07/10/2024,101000,Journal Entry - Tx 10492 Line 1,3642.28,Debit
FY24-TX-10492,07/10/2024,201000,Journal Entry - Tx 10492 Line 2,-3642.28,Credit
FY24-TX-10129,08/10/2024,110000,Journal Entry - Tx 10129 Line 1,10261.64,Debit
FY24-TX-10129,08/10/2024,301000,Journal Entry - Tx 10129 Line 2,-10261.64,Credit
FY24-TX-10352,08/10/2024,501000,Journal Entry - Tx 10352 Line 1,8771.28,Debit
FY24-TX-10352,08/10/2024,401000,Journal Entry - Tx 10352 Line 2,-8771.28,Credit
FY24-TX-10066,09/10/2024,610000,Journal Entry - Tx 10066 Line 1,1241.27,Debit
FY24-TX-10066,09/10/2024,401000,Journal Entry - Tx 10066 Line 2,-1241.27,Credit
FY24-TX-10202,09/10/2024,610000,Journal Entry - Tx 10202 Line 1,4096.17,Debit
FY24-TX-10202,09/10/2024,390000,Journal Entry - Tx 10202 Line 2,-4096.17,Credit
FY24-TX-10014,10/10/2024,610000,Journal Entry - Tx 10014 Line 1,3635.08,Debit
FY24-TX-10014,10/10/2024,401000,Journal Entry - Tx 10014 Line 2,-3635.08,Credit
FY24-TX-10101,10/10/2024,102001,Journal Entry - Tx 10101 Line 1,1856.48,Debit
FY24-TX-10101,10/10/2024,201000,Journal Entry - Tx 10101 Line 2,-1856.48,Credit
FY24-TX-10267,10/10/2024,501000,Journal Entry - Tx 10267 Line 1,9393.06,Debit
FY24-TX-10267,10/10/2024,390000,Journal Entry - Tx 10267 Line 2,-9393.06,Credit
FY24-TX-10201,11/10/2024,501000,Journal Entry - Tx 10201 Line 1,6549.57,Debit
FY24-TX-10201,11/10/2024,402000,Journal Entry - Tx 10201 Line 2,-6549.57,Credit
FY24-TX-10416,11/10/2024,610000,Journal Entry - Tx 10416 Line 1,11738.92,Debit
FY24-TX-10416,11/10/2024,201000,Journal Entry - Tx 10416 Line 2,-11738.92,Credit
FY24-TX-10195,12/10/2024,102001,Journal Entry - Tx 10195 Line 1,165.44,Debit
FY24-TX-10195,12/10/2024,201000,Journal Entry - Tx 10195 Line 2,-165.44,Credit
FY24-TX-10391,14/10/2024,110000,Journal Entry - Tx 10391 Line 1,10257.09,Debit
FY24-TX-10391,14/10/2024,201000,Journal Entry - Tx 10391 Line 2,-10257.09,Credit
FY24-TX-10006,15/10/2024,610000,Journal Entry - Tx 10006 Line 1,2478.55,Debit
FY24-TX-10006,15/10/2024,402000,Journal Entry - Tx 10006 Line 2,-2478.55,Credit
FY24-TX-10363,15/10/2024,101000,Journal Entry - Tx 10363 Line 1,4082.13,Debit
FY24-TX-10363,15/10/2024,390000,Journal Entry - Tx 10363 Line 2,-4082.13,Credit
FY24-TX-10164,16/10/2024,101000,Journal Entry - Tx 10164 Line 1,8168.72,Debit
FY24-TX-10164,16/10/2024,402000,Journal Entry - Tx 10164 Line 2,-8168.72,Credit
FY24-TX-10217,16/10/2024,101000,Journal Entry - Tx 10217 Line 1,11676.33,Debit
FY24-TX-10217,16/10/2024,210000,Journal Entry - Tx 10217 Line 2,-11676.33,Credit
FY24-TX-10191,19/10/2024,501000,Journal Entry - Tx 10191 Line 1,7523.06,Debit
FY24-TX-10191,19/10/2024,301000,Journal Entry - Tx 10191 Line 2,-7523.06,Credit
FY24-TX-10233,19/10/2024,501000,Journal Entry - Tx 10233 Line 1,11333.90,Debit
FY24-TX-10233,19/10/2024,201000,Journal Entry - Tx 10233 Line 2,-11333.90,Credit
FY24-TX-10058,20/10/2024,102001,Journal Entry - Tx 10058 Line 1,7104.78,Debit
FY24-TX-10058,20/10/2024,390000,Journal Entry - Tx 10058 Line 2,-7104.78,Credit
FY24-TX-10269,20/10/2024,501000,Journal Entry - Tx 10269 Line 1,4735.84,Debit
FY24-TX-10269,20/10/2024,201000,Journal Entry - Tx 10269 Line 2,-4735.84,Credit
FY24-TX-10394,22/10/2024,501000,Journal Entry - Tx 10394 Line 1,5303.60,Debit
FY24-TX-10394,22/10/2024,402000,Journal Entry - Tx 10394 Line 2,-5303.60,Credit
FY24-TX-10240,23/10/2024,102001,Journal Entry - Tx 10240 Line 1,534.20,Debit
FY24-TX-10240,23/10/2024,390000,Journal Entry - Tx 10240 Line 2,-534.20,Credit
FY24-TX-10079,24/10/2024,601010,Journal Entry - Tx 10079 Line 1,7329.21,Debit
FY24-TX-10079,24/10/2024,201000,Journal Entry - Tx 10079 Line 2,-7329.21,Credit
FY24-TX-10265,24/10/2024,501000,Journal Entry - Tx 10265 Line 1,12286.54,Debit
FY24-TX-10265,24/10/2024,210000,Journal Entry - Tx 10265 Line 2,-12286.54,Credit
FY24-TX-10478,25/10/2024,110000,Journal Entry - Tx 10478 Line 1,9053.66,Debit
FY24-TX-10478,25/10/2024,210000,Journal Entry - Tx 10478 Line 2,-9053.66,Credit
FY24-TX-10030,27/10/2024,601010,Journal Entry - Tx 10030 Line 1,5293.17,Debit
FY24-TX-10030,27/10/2024,390000,Journal Entry - Tx 10030 Line 2,-5293.17,Credit
FY24-TX-10156,27/10/2024,101000,Journal Entry - Tx 10156 Line 1,11638.78,Debit
FY24-TX-10156,27/10/2024,401000,Journal Entry - Tx 10156 Line 2,-11638.78,Credit
FY24-TX-10242,27/10/2024,501000,Journal Entry - Tx 10242 Line 1,5384.51,Debit
FY24-TX-10242,27/10/2024,201000,Journal Entry - Tx 10242 Line 2,-5384.51,Credit
FY24-TX-10336,28/10/2024,102001,Journal Entry - Tx 10336 Line 1,2688.35,Debit
FY24-TX-10336,28/10/2024,301000,Journal Entry - Tx 10336 Line 2,-2688.35,Credit
FY24-TX-10221,29/10/2024,110000,Journal Entry - Tx 10221 Line 1,12177.80,Debit
FY24-TX-10221,29/10/2024,401000,Journal Entry - Tx 10221 Line 2,-12177.80,Credit
FY24-TX-10399,29/10/2024,101000,Journal Entry - Tx 10399 Line 1,4950.11,Debit
FY24-TX-10399,29/10/2024,390000,Journal Entry - Tx 10399 Line 2,-4950.11,Credit
FY24-TX-10004,30/10/2024,101000,Journal Entry - Tx 10004 Line 1,5213.34,Debit
FY24-TX-10004,30/10/2024,201000,Journal Entry - Tx 10004 Line 2,-5213.34,Credit
FY24-TX-10273,30/10/2024,101000,Journal Entry - Tx 10273 Line 1,4110.92,Debit
FY24-TX-10273,30/10/2024,390000,Journal Entry - Tx 10273 Line 2,-4110.92,Credit
FY24-TX-10345,31/10/2024,601010,Journal Entry - Tx 10345 Line 1,1377.90,Debit
FY24-TX-10345,31/10/2024,210000,Journal Entry - Tx 10345 Line 2,-1377.90,Credit
FY24-TX-10385,31/10/2024,610000,Journal Entry - Tx 10385 Line 1,6006.63,Debit
FY24-TX-10385,31/10/2024,301000,Journal Entry - Tx 10385 Line 2,-6006.63,Credit
FY24-TX-10415,01/11/2024,501000,Journal Entry - Tx 10415 Line 1,6257.14,Debit
FY24-TX-10415,01/11/2024,401000,Journal Entry - Tx 10415 Line 2,-6257.14,Credit
FY24-TX-10034,02/11/2024,501000,Journal Entry - Tx 10034 Line 1,819.79,Debit
FY24-TX-10034,02/11/2024,401000,Journal Entry - Tx 10034 Line 2,-819.79,Credit
FY24-TX-10207,02/11/2024,101000,Journal Entry - Tx 10207 Line 1,3510.28,Debit
FY24-TX-10207,02/11/2024,210000,Journal Entry - Tx 10207 Line 2,-3510.28,Credit
FY24-TX-10219,02/11/2024,102001,Journal Entry - Tx 10219 Line 1,9734.70,Debit
FY24-TX-10219,02/11/2024,401000,Journal Entry - Tx 10219 Line 2,-9734.70,Credit
FY24-TX-10379,02/11/2024,101000,Journal Entry - Tx 10379 Line 1,1082.49,Debit
FY24-TX-10379,02/11/2024,210000,Journal Entry - Tx 10379 Line 2,-1082.49,Credit
FY24-TX-10441,02/11/2024,102001,Journal Entry - Tx 10441 Line 1,4659.21,Debit
FY24-TX-10441,02/11/2024,210000,Journal Entry - Tx 10441 Line 2,-4659.21,Credit
FY24-TX-10043,03/11/2024,101000,Journal Entry - Tx 10043 Line 1,4014.83,Debit
FY24-TX-10043,03/11/2024,201000,Journal Entry - Tx 10043 Line 2,-4014.83,Credit
FY24-TX-10425,03/11/2024,610000,Journal Entry - Tx 10425 Line 1,682.95,Debit
FY24-TX-10425,03/11/2024,402000,Journal Entry - Tx 10425 Line 2,-682.95,Credit
FY24-TX-10181,04/11/2024,601010,Journal Entry - Tx 10181 Line 1,9915.96,Debit
FY24-TX-10181,04/11/2024,201000,Journal Entry - Tx 10181 Line 2,-9915.96,Credit
FY24-TX-10494,05/11/2024,102001,Journal Entry - Tx 10494 Line 1,8838.83,Debit
FY24-TX-10494,05/11/2024,402000,Journal Entry - Tx 10494 Line 2,-8838.83,Credit
FY24-TX-10012,06/11/2024,101000,Journal Entry - Tx 10012 Line 1,3283.76,Debit
FY24-TX-10012,06/11/2024,402000,Journal Entry - Tx 10012 Line 2,-3283.76,Credit
FY24-TX-10175,07/11/2024,610000,Journal Entry - Tx 10175 Line 1,7485.25,Debit
FY24-TX-10175,07/11/2024,402000,Journal Entry - Tx 10175 Line 2,-7485.25,Credit
FY24-TX-10301,07/11/2024,102001,Journal Entry - Tx 10301 Line 1,9871.88,Debit
FY24-TX-10301,07/11/2024,402000,Journal Entry - Tx 10301 Line 2,-9871.88,Credit
FY24-TX-10021,08/11/2024,601010,Journal Entry - Tx 10021 Line 1,7825.20,Debit
FY24-TX-10021,08/11/2024,402000,Journal Entry - Tx 10021 Line 2,-7825.20,Credit
FY24-TX-10464,08/11/2024,101000,Journal Entry - Tx 10464 Line 1,6510.95,Debit
FY24-TX-10464,08/11/2024,301000,Journal Entry - Tx 10464 Line 2,-6510.95,Credit
FY24-TX-10500,08/11/2024,501000,Journal Entry - Tx 10500 Line 1,8353.69,Debit
FY24-TX-10500,08/11/2024,201000,Journal Entry - Tx 10500 Line 2,-8353.69,Credit
FY24-TX-10137,09/11/2024,101000,Journal Entry - Tx 10137 Line 1,10457.94,Debit
FY24-TX-10137,09/11/2024,390000,Journal Entry - Tx 10137 Line 2,-10457.94,Credit
FY24-TX-10319,09/11/2024,101000,Journal Entry - Tx 10319 Line 1,2754.74,Debit
FY24-TX-10319,09/11/2024,402000,Journal Entry - Tx 10319 Line 2,-2754.74,Credit
FY24-TX-10423,09/11/2024,110000,Journal Entry - Tx 10423 Line 1,1987.07,Debit
FY24-TX-10423,09/11/2024,301000,Journal Entry - Tx 10423 Line 2,-1987.07,Credit
FY24-TX-10346,11/11/2024,610000,Journal Entry - Tx 10346 Line 1,572.61,Debit
FY24-TX-10346,11/11/2024,401000,Journal Entry - Tx 10346 Line 2,-572.61,Credit
FY24-TX-10462,12/11/2024,101000,Journal Entry - Tx 10462 Line 1,105.38,Debit
FY24-TX-10462,12/11/2024,201000,Journal Entry - Tx 10462 Line 2,-105.38,Credit
FY24-TX-10222,14/11/2024,610000,Journal Entry - Tx 10222 Line 1,779.36,Debit
FY24-TX-10222,14/11/2024,201000,Journal Entry - Tx 10222 Line 2,-779.36,Credit
FY24-TX-10172,15/11/2024,102001,Journal Entry - Tx 10172 Line 1,1909.06,Debit
FY24-TX-10172,15/11/2024,390000,Journal Entry - Tx 10172 Line 2,-1909.06,Credit
FY24-TX-10251,15/11/2024,610000,Journal Entry - Tx 10251 Line 1,9314.24,Debit
FY24-TX-10251,15/11/2024,390000,Journal Entry - Tx 10251 Line 2,-9314.24,Credit
FY24-TX-10370,15/11/2024,610000,Journal Entry - Tx 10370 Line 1,7562.79,Debit
FY24-TX-10370,15/11/2024,401000,Journal Entry - Tx 10370 Line 2,-7562.79,Credit
FY24-TX-10277,16/11/2024,610000,Journal Entry - Tx 10277 Line 1,8532.86,Debit
FY24-TX-10277,16/11/2024,201000,Journal Entry - Tx 10277 Line 2,-8532.86,Credit
FY24-TX-10229,17/11/2024,102001,Journal Entry - Tx 10229 Line 1,7271.23,Debit
FY24-TX-10229,17/11/2024,390000,Journal Entry - Tx 10229 Line 2,-7271.23,Credit
FY24-TX-10216,19/11/2024,102001,Journal Entry - Tx 10216 Line 1,8456.20,Debit
FY24-TX-10216,19/11/2024,210000,Journal Entry - Tx 10216 Line 2,-8456.20,Credit
FY24-TX-10095,21/11/2024,110000,Journal Entry - Tx 10095 Line 1,5233.62,Debit
FY24-TX-10095,21/11/2024,201000,Journal Entry - Tx 10095 Line 2,-5233.62,Credit
FY24-TX-10409,22/11/2024,110000,Journal Entry - Tx 10409 Line 1,12134.89,Debit
FY24-TX-10409,22/11/2024,402000,Journal Entry - Tx 10409 Line 2,-12134.89,Credit
FY24-TX-10475,22/11/2024,110000,Journal Entry - Tx 10475 Line 1,4783.78,Debit
FY24-TX-10475,22/11/2024,301000,Journal Entry - Tx 10475 Line 2,-4783.78,Credit
FY24-TX-10001,24/11/2024,610000,Journal Entry - Tx 10001 Line 1,1405.81,Debit
FY24-TX-10001,24/11/2024,301000,Journal Entry - Tx 10001 Line 2,-1405.81,Credit
FY24-TX-10023,24/11/2024,102001,Journal Entry - Tx 10023 Line 1,8477.18,Debit
FY24-TX-10023,24/11/2024,402000,Journal Entry - Tx 10023 Line 2,-8477.18,Credit
FY24-TX-10333,24/11/2024,101000,Journal Entry - Tx 10333 Line 1,7361.41,Debit
FY24-TX-10333,24/11/2024,201000,Journal Entry - Tx 10333 Line 2,-7361.41,Credit
FY24-TX-10395,24/11/2024,101000,Journal Entry - Tx 10395 Line 1,5161.51,Debit
FY24-TX-10395,24/11/2024,390000,Journal Entry - Tx 10395 Line 2,-5161.51,Credit
FY24-TX-10497,24/11/2024,101000,Journal Entry - Tx 10497 Line 1,12055.16,Debit
FY24-TX-10497,24/11/2024,201000,Journal Entry - Tx 10497 Line 2,-12055.16,Credit
FY24-TX-10114,25/11/2024,610000,Journal Entry - Tx 10114 Line 1,6285.80,Debit
FY24-TX-10114,25/11/2024,401000,Journal Entry - Tx 10114 Line 2,-6285.80,Credit
FY24-TX-10028,26/11/2024,110000,Journal Entry - Tx 10028 Line 1,5666.07,Debit
FY24-TX-10028,26/11/2024,210000,Journal Entry - Tx 10028 Line 2,-5666.07,Credit
FY24-TX-10403,27/11/2024,102001,Journal Entry - Tx 10403 Line 1,10032.54,Debit
FY24-TX-10403,27/11/2024,201000,Journal Entry - Tx 10403 Line 2,-10032.54,Credit
FY24-TX-10421,27/11/2024,102001,Journal Entry - Tx 10421 Line 1,2156.40,Debit
FY24-TX-10421,27/11/2024,402000,Journal Entry - Tx 10421 Line 2,-2156.40,Credit
FY24-TX-10051,29/11/2024,601010,Journal Entry - Tx 10051 Line 1,4618.76,Debit
FY24-TX-10051,29/11/2024,390000,Journal Entry - Tx 10051 Line 2,-4618.76,Credit
FY24-TX-10459,29/11/2024,102001,Journal Entry - Tx 10459 Line 1,4151.32,Debit
FY24-TX-10459,29/11/2024,210000,Journal Entry - Tx 10459 Line 2,-4151.32,Credit
FY24-TX-10187,30/11/2024,601010,Journal Entry - Tx 10187 Line 1,3351.94,Debit
FY24-TX-10187,30/11/2024,390000,Journal Entry - Tx 10187 Line 2,-3351.94,Credit
FY24-TX-10131,02/12/2024,501000,Journal Entry - Tx 10131 Line 1,3991.46,Debit
FY24-TX-10131,02/12/2024,390000,Journal Entry - Tx 10131 Line 2,-3991.46,Credit
FY24-TX-10355,02/12/2024,601010,Journal Entry - Tx 10355 Line 1,8020.58,Debit
FY24-TX-10355,02/12/2024,402000,Journal Entry - Tx 10355 Line 2,-8020.58,Credit
FY24-TX-10428,03/12/2024,601010,Journal Entry - Tx 10428 Line 1,11863.70,Debit
FY24-TX-10428,03/12/2024,210000,Journal Entry - Tx 10428 Line 2,-11863.70,Credit
FY24-TX-10298,04/12/2024,101000,Journal Entry - Tx 10298 Line 1,4893.19,Debit
FY24-TX-10298,04/12/2024,401000,Journal Entry - Tx 10298 Line 2,-4893.19,Credit
FY24-TX-10303,04/12/2024,102001,Journal Entry - Tx 10303 Line 1,8387.60,Debit
FY24-TX-10303,04/12/2024,402000,Journal Entry - Tx 10303 Line 2,-8387.60,Credit
FY24-TX-10072,05/12/2024,102001,Journal Entry - Tx 10072 Line 1,8847.96,Debit
FY24-TX-10072,05/12/2024,210000,Journal Entry - Tx 10072 Line 2,-8847.96,Credit
FY24-TX-10340,05/12/2024,102001,Journal Entry - Tx 10340 Line 1,10662.79,Debit
FY24-TX-10340,05/12/2024,201000,Journal Entry - Tx 10340 Line 2,-10662.79,Credit
FY24-TX-10440,05/12/2024,601010,Journal Entry - Tx 10440 Line 1,4169.40,Debit
FY24-TX-10440,05/12/2024,210000,Journal Entry - Tx 10440 Line 2,-4169.40,Credit
FY24-TX-10090,06/12/2024,102001,Journal Entry - Tx 10090 Line 1,1310.87,Debit
FY24-TX-10090,06/12/2024,301000,Journal Entry - Tx 10090 Line 2,-1310.87,Credit
FY24-TX-10124,06/12/2024,610000,Journal Entry - Tx 10124 Line 1,10436.82,Debit
FY24-TX-10124,06/12/2024,301000,Journal Entry - Tx 10124 Line 2,-10436.82,Credit
FY24-TX-10134,06/12/2024,110000,Journal Entry - Tx 10134 Line 1,7800.23,Debit
FY24-TX-10134,06/12/2024,201000,Journal Entry - Tx 10134 Line 2,-7800.23,Credit
FY24-TX-10431,06/12/2024,601010,Journal Entry - Tx 10431 Line 1,4846.01,Debit
FY24-TX-10431,06/12/2024,402000,Journal Entry - Tx 10431 Line 2,-4846.01,Credit
FY24-TX-10123,07/12/2024,601010,Journal Entry - Tx 10123 Line 1,11328.73,Debit
FY24-TX-10123,07/12/2024,301000,Journal Entry - Tx 10123 Line 2,-11328.73,Credit
FY24-TX-10173,09/12/2024,102001,Journal Entry - Tx 10173 Line 1,1443.30,Debit
FY24-TX-10173,09/12/2024,390000,Journal Entry - Tx 10173 Line 2,-1443.30,Credit
FY24-TX-10083,10/12/2024,501000,Journal Entry - Tx 10083 Line 1,7954.20,Debit
FY24-TX-10083,10/12/2024,301000,Journal Entry - Tx 10083 Line 2,-7954.20,Credit
FY24-TX-10122,10/12/2024,501000,Journal Entry - Tx 10122 Line 1,2456.46,Debit
FY24-TX-10122,10/12/2024,201000,Journal Entry - Tx 10122 Line 2,-2456.46,Credit
FY24-TX-10244,10/12/2024,102001,Journal Entry - Tx 10244 Line 1,1323.29,Debit
FY24-TX-10244,10/12/2024,301000,Journal Entry - Tx 10244 Line 2,-1323.29,Credit
FY24-TX-10435,10/12/2024,110000,Journal Entry - Tx 10435 Line 1,5231.54,Debit
FY24-TX-10435,10/12/2024,201000,Journal Entry - Tx 10435 Line 2,-5231.54,Credit
FY24-TX-10498,10/12/2024,110000,Journal Entry - Tx 10498 Line 1,7856.26,Debit
FY24-TX-10498,10/12/2024,401000,Journal Entry - Tx 10498 Line 2,-7856.26,Credit
FY24-TX-10316,11/12/2024,501000,Journal Entry - Tx 10316 Line 1,3254.83,Debit
FY24-TX-10316,11/12/2024,402000,Journal Entry - Tx 10316 Line 2,-3254.83,Credit
FY24-TX-10132,12/12/2024,501000,Journal Entry - Tx 10132 Line 1,2660.77,Debit
FY24-TX-10132,12/12/2024,402000,Journal Entry - Tx 10132 Line 2,-2660.77,Credit
FY24-TX-10313,12/12/2024,601010,Journal Entry - Tx 10313 Line 1,12054.11,Debit
FY24-TX-10313,12/12/2024,301000,Journal Entry - Tx 10313 Line 2,-12054.11,Credit
FY24-TX-10003,13/12/2024,601010,Journal Entry - Tx 10003 Line 1,9120.84,Debit
FY24-TX-10003,13/12/2024,201000,Journal Entry - Tx 10003 Line 2,-9120.84,Credit
FY24-TX-10178,13/12/2024,501000,Journal Entry - Tx 10178 Line 1,11172.49,Debit
FY24-TX-10178,13/12/2024,390000,Journal Entry - Tx 10178 Line 2,-11172.49,Credit
FY24-TX-10292,13/12/2024,101000,Journal Entry - Tx 10292 Line 1,6741.74,Debit
FY24-TX-10292,13/12/2024,390000,Journal Entry - Tx 10292 Line 2,-6741.74,Credit
FY24-TX-10427,14/12/2024,110000,Journal Entry - Tx 10427 Line 1,4779.89,Debit
FY24-TX-10427,14/12/2024,402000,Journal Entry - Tx 10427 Line 2,-4779.89,Credit
FY24-TX-10447,14/12/2024,501000,Journal Entry - Tx 10447 Line 1,11651.87,Debit
FY24-TX-10447,14/12/2024,390000,Journal Entry - Tx 10447 Line 2,-11651.87,Credit
FY24-TX-10499,14/12/2024,101000,Journal Entry - Tx 10499 Line 1,2002.28,Debit
FY24-TX-10499,14/12/2024,210000,Journal Entry - Tx 10499 Line 2,-2002.28,Credit
FY24-TX-10036,15/12/2024,610000,Journal Entry - Tx 10036 Line 1,8876.33,Debit
FY24-TX-10036,15/12/2024,401000,Journal Entry - Tx 10036 Line 2,-8876.33,Credit
FY24-TX-10408,15/12/2024,601010,Journal Entry - Tx 10408 Line 1,11370.21,Debit
FY24-TX-10408,15/12/2024,402000,Journal Entry - Tx 10408 Line 2,-11370.21,Credit
FY24-TX-10289,16/12/2024,601010,Journal Entry - Tx 10289 Line 1,2993.34,Debit
FY24-TX-10289,16/12/2024,210000,Journal Entry - Tx 10289 Line 2,-2993.34,Credit
FY24-TX-10281,17/12/2024,102001,Journal Entry - Tx 10281 Line 1,11330.67,Debit
FY24-TX-10281,17/12/2024,402000,Journal Entry - Tx 10281 Line 2,-11330.67,Credit
FY24-TX-10434,17/12/2024,101000,Journal Entry - Tx 10434 Line 1,11226.70,Debit
FY24-TX-10434,17/12/2024,402000,Journal Entry - Tx 10434 Line 2,-11226.70,Credit
FY24-TX-10299,18/12/2024,101000,Journal Entry - Tx 10299 Line 1,9582.32,Debit
FY24-TX-10299,18/12/2024,401000,Journal Entry - Tx 10299 Line 2,-9582.32,Credit
FY24-TX-10226,19/12/2024,110000,Journal Entry - Tx 10226 Line 1,7320.53,Debit
FY24-TX-10226,19/12/2024,201000,Journal Entry - Tx 10226 Line 2,-7320.53,Credit
FY24-TX-10205,20/12/2024,102001,Journal Entry - Tx 10205 Line 1,2310.75,Debit
FY24-TX-10205,20/12/2024,402000,Journal Entry - Tx 10205 Line 2,-2310.75,Credit
FY24-TX-10328,20/12/2024,501000,Journal Entry - Tx 10328 Line 1,4583.32,Debit
FY24-TX-10328,20/12/2024,390000,Journal Entry - Tx 10328 Line 2,-4583.32,Credit
FY24-TX-10442,21/12/2024,102001,Journal Entry - Tx 10442 Line 1,9493.89,Debit
FY24-TX-10442,21/12/2024,402000,Journal Entry - Tx 10442 Line 2,-9493.89,Credit
FY24-TX-10284,22/12/2024,101000,Journal Entry - Tx 10284 Line 1,3712.16,Debit
FY24-TX-10284,22/12/2024,201000,Journal Entry - Tx 10284 Line 2,-3712.16,Credit
FY24-TX-10139,23/12/2024,501000,Journal Entry - Tx 10139 Line 1,4748.19,Debit
FY24-TX-10139,23/12/2024,210000,Journal Entry - Tx 10139 Line 2,-4748.19,Credit
FY24-TX-10481,23/12/2024,102001,Journal Entry - Tx 10481 Line 1,5907.31,Debit
FY24-TX-10481,23/12/2024,210000,Journal Entry - Tx 10481 Line 2,-5907.31,Credit
FY24-TX-10009,24/12/2024,110000,Journal Entry - Tx 10009 Line 1,5221.83,Debit
FY24-TX-10009,24/12/2024,210000,Journal Entry - Tx 10009 Line 2,-5221.83,Credit
FY24-TX-10211,24/12/2024,610000,Journal Entry - Tx 10211 Line 1,11614.59,Debit
FY24-TX-10211,24/12/2024,390000,Journal Entry - Tx 10211 Line 2,-11614.59,Credit
FY24-TX-10174,25/12/2024,110000,Journal Entry - Tx 10174 Line 1,3182.29,Debit
FY24-TX-10174,25/12/2024,210000,Journal Entry - Tx 10174 Line 2,-3182.29,Credit
FY24-TX-10020,26/12/2024,610000,Journal Entry - Tx 10020 Line 1,11523.45,Debit
FY24-TX-10020,26/12/2024,201000,Journal Entry - Tx 10020 Line 2,-11523.45,Credit
FY24-TX-10283,27/12/2024,501000,Journal Entry - Tx 10283 Line 1,10737.95,Debit
FY24-TX-10283,27/12/2024,210000,Journal Entry - Tx 10283 Line 2,-10737.95,Credit
FY24-TX-10098,28/12/2024,101000,Journal Entry - Tx 10098 Line 1,5284.01,Debit
FY24-TX-10098,28/12/2024,201000,Journal Entry - Tx 10098 Line 2,-5284.01,Credit
FY24-TX-10452,31/12/2024,101000,Journal Entry - Tx 10452 Line 1,10410.79,Debit
FY24-TX-10452,31/12/2024,301000,Journal Entry - Tx 10452 Line 2,-10410.79,Credit
TX-10249,01/01/2025,601010,Journal Entry - Tx 10249 Line 1,9882.02,Debit
TX-10249,01/01/2025,390000,Journal Entry - Tx 10249 Line 2,-9882.02,Credit
TX-10470,01/01/2025,102001,Journal Entry - Tx 10470 Line 1,9241.4,Debit
TX-10470,01/01/2025,401000,Journal Entry - Tx 10470 Line 2,-9241.4,Credit
TX-10096,02/01/2025,102001,Journal Entry - Tx 10096 Line 1,5036.67,Debit
TX-10096,02/01/2025,402000,Journal Entry - Tx 10096 Line 2,-5036.67,Credit
TX-10264,02/01/2025,110000,Journal Entry - Tx 10264 Line 1,4278.44,Debit
TX-10264,02/01/2025,401000,Journal Entry - Tx 10264 Line 2,-4278.44,Credit
TX-10387,04/01/2025,102001,Journal Entry - Tx 10387 Line 1,3106.13,Debit
TX-10387,04/01/2025,210000,Journal Entry - Tx 10387 Line 2,-3106.13,Credit
TX-10067,08/01/2025,102001,Journal Entry - Tx 10067 Line 1,14536.49,Debit
TX-10067,08/01/2025,210000,Journal Entry - Tx 10067 Line 2,-14536.49,Credit
TX-10209,08/01/2025,102001,Journal Entry - Tx 10209 Line 1,10634.88,Debit
TX-10209,08/01/2025,301000,Journal Entry - Tx 10209 Line 2,-10634.88,Credit
TX-10256,08/01/2025,101000,Journal Entry - Tx 10256 Line 1,8306.16,Debit
TX-10256,08/01/2025,210000,Journal Entry - Tx 10256 Line 2,-8306.16,Credit
TX-10476,09/01/2025,101000,Journal Entry - Tx 10476 Line 1,5388.55,Debit
TX-10476,09/01/2025,301000,Journal Entry - Tx 10476 Line 2,-5388.55,Credit
TX-10169,10/01/2025,101000,Journal Entry - Tx 10169 Line 1,11247.91,Debit
TX-10169,10/01/2025,301000,Journal Entry - Tx 10169 Line 2,-11247.91,Credit
TX-10393,10/01/2025,101000,Journal Entry - Tx 10393 Line 1,6923.33,Debit
TX-10393,10/01/2025,301000,Journal Entry - Tx 10393 Line 2,-6923.33,Credit
TX-10053,11/01/2025,102001,Journal Entry - Tx 10053 Line 1,8845.22,Debit
TX-10053,11/01/2025,401000,Journal Entry - Tx 10053 Line 2,-8845.22,Credit
TX-10239,11/01/2025,610000,Journal Entry - Tx 10239 Line 1,14993.61,Debit
TX-10239,11/01/2025,301000,Journal Entry - Tx 10239 Line 2,-14993.61,Credit
TX-10396,11/01/2025,102001,Journal Entry - Tx 10396 Line 1,14494.69,Debit
TX-10396,11/01/2025,401000,Journal Entry - Tx 10396 Line 2,-14494.69,Credit
TX-10474,11/01/2025,501000,Journal Entry - Tx 10474 Line 1,5887.28,Debit
TX-10474,11/01/2025,201000,Journal Entry - Tx 10474 Line 2,-5887.28,Credit
TX-10112,13/01/2025,501000,Journal Entry - Tx 10112 Line 1,9917.5,Debit
TX-10112,13/01/2025,301000,Journal Entry - Tx 10112 Line 2,-9917.5,Credit
TX-10318,13/01/2025,601010,Journal Entry - Tx 10318 Line 1,9312.23,Debit
TX-10318,13/01/2025,301000,Journal Entry - Tx 10318 Line 2,-9312.23,Credit
TX-10371,14/01/2025,610000,Journal Entry - Tx 10371 Line 1,9154.47,Debit
TX-10371,14/01/2025,402000,Journal Entry - Tx 10371 Line 2,-9154.47,Credit
TX-10192,15/01/2025,110000,Journal Entry - Tx 10192 Line 1,7439.88,Debit
TX-10192,15/01/2025,210000,Journal Entry - Tx 10192 Line 2,-7439.88,Credit
TX-10171,16/01/2025,102001,Journal Entry - Tx 10171 Line 1,14246.7,Debit
TX-10171,16/01/2025,201000,Journal Entry - Tx 10171 Line 2,-14246.7,Credit
TX-10376,16/01/2025,601010,Journal Entry - Tx 10376 Line 1,1421.78,Debit
TX-10376,16/01/2025,210000,Journal Entry - Tx 10376 Line 2,-1421.78,Credit
TX-10025,17/01/2025,501000,Journal Entry - Tx 10025 Line 1,12085.43,Debit
TX-10025,17/01/2025,301000,Journal Entry - Tx 10025 Line 2,-12085.43,Credit
TX-10280,19/01/2025,102001,Journal Entry - Tx 10280 Line 1,9281.02,Debit
TX-10280,19/01/2025,402000,Journal Entry - Tx 10280 Line 2,-9281.02,Credit
TX-10460,20/01/2025,501000,Journal Entry - Tx 10460 Line 1,4338.85,Debit
TX-10460,20/01/2025,402000,Journal Entry - Tx 10460 Line 2,-4338.85,Credit
TX-10120,23/01/2025,101000,Journal Entry - Tx 10120 Line 1,10646.34,Debit
TX-10120,23/01/2025,401000,Journal Entry - Tx 10120 Line 2,-10646.34,Credit
TX-10479,23/01/2025,110000,Journal Entry - Tx 10479 Line 1,5316.87,Debit
TX-10479,23/01/2025,402000,Journal Entry - Tx 10479 Line 2,-5316.87,Credit
TX-10016,24/01/2025,110000,Journal Entry - Tx 10016 Line 1,9935.89,Debit
TX-10016,24/01/2025,201000,Journal Entry - Tx 10016 Line 2,-9935.89,Credit
TX-10210,24/01/2025,601010,Journal Entry - Tx 10210 Line 1,14615.71,Debit
TX-10210,24/01/2025,301000,Journal Entry - Tx 10210 Line 2,-14615.71,Credit
TX-10386,24/01/2025,601010,Journal Entry - Tx 10386 Line 1,3346.75,Debit
TX-10386,24/01/2025,201000,Journal Entry - Tx 10386 Line 2,-3346.75,Credit
TX-10075,26/01/2025,601010,Journal Entry - Tx 10075 Line 1,8783.46,Debit
TX-10075,26/01/2025,401000,Journal Entry - Tx 10075 Line 2,-8783.46,Credit
TX-10166,26/01/2025,110000,Journal Entry - Tx 10166 Line 1,3939.34,Debit
TX-10166,26/01/2025,210000,Journal Entry - Tx 10166 Line 2,-3939.34,Credit
TX-10214,27/01/2025,501000,Journal Entry - Tx 10214 Line 1,3824.55,Debit
TX-10214,27/01/2025,201000,Journal Entry - Tx 10214 Line 2,-3824.55,Credit
TX-10252,27/01/2025,601010,Journal Entry - Tx 10252 Line 1,3093.2,Debit
TX-10252,27/01/2025,210000,Journal Entry - Tx 10252 Line 2,-3093.2,Credit
TX-10365,27/01/2025,601010,Journal Entry - Tx 10365 Line 1,14527.56,Debit
TX-10365,27/01/2025,301000,Journal Entry - Tx 10365 Line 2,-14527.56,Credit
TX-10061,28/01/2025,610000,Journal Entry - Tx 10061 Line 1,10116.8,Debit
TX-10061,28/01/2025,201000,Journal Entry - Tx 10061 Line 2,-10116.8,Credit
TX-10412,29/01/2025,101000,Journal Entry - Tx 10412 Line 1,5311.54,Debit
TX-10412,29/01/2025,301000,Journal Entry - Tx 10412 Line 2,-5311.54,Credit
TX-10045,30/01/2025,601010,Journal Entry - Tx 10045 Line 1,3651.03,Debit
TX-10045,30/01/2025,201000,Journal Entry - Tx 10045 Line 2,-3651.03,Credit
TX-10055,31/01/2025,101000,Journal Entry - Tx 10055 Line 1,3472.68,Debit
TX-10055,31/01/2025,301000,Journal Entry - Tx 10055 Line 2,-3472.68,Credit
TX-10069,31/01/2025,101000,Journal Entry - Tx 10069 Line 1,2511.32,Debit
TX-10069,31/01/2025,390000,Journal Entry - Tx 10069 Line 2,-2511.32,Credit
TX-10062,01/02/2025,110000,Journal Entry - Tx 10062 Line 1,6069.19,Debit
TX-10062,01/02/2025,201000,Journal Entry - Tx 10062 Line 2,-6069.19,Credit
TX-10155,01/02/2025,501000,Journal Entry - Tx 10155 Line 1,3142.17,Debit
TX-10155,01/02/2025,390000,Journal Entry - Tx 10155 Line 2,-3142.17,Credit
TX-10331,01/02/2025,102001,Journal Entry - Tx 10331 Line 1,6002.19,Debit
TX-10331,01/02/2025,201000,Journal Entry - Tx 10331 Line 2,-6002.19,Credit
TX-10344,02/02/2025,110000,Journal Entry - Tx 10344 Line 1,7169.88,Debit
TX-10344,02/02/2025,401000,Journal Entry - Tx 10344 Line 2,-7169.88,Credit
TX-10467,02/02/2025,501000,Journal Entry - Tx 10467 Line 1,1707.33,Debit
TX-10467,02/02/2025,401000,Journal Entry - Tx 10467 Line 2,-1707.33,Credit
TX-10482,02/02/2025,501000,Journal Entry - Tx 10482 Line 1,10754.87,Debit
TX-10482,02/02/2025,201000,Journal Entry - Tx 10482 Line 2,-10754.87,Credit
TX-10026,03/02/2025,601010,Journal Entry - Tx 10026 Line 1,3204.19,Debit
TX-10026,03/02/2025,402000,Journal Entry - Tx 10026 Line 2,-3204.19,Credit
TX-10215,03/02/2025,101000,Journal Entry - Tx 10215 Line 1,6040.58,Debit
TX-10215,03/02/2025,401000,Journal Entry - Tx 10215 Line 2,-6040.58,Credit
TX-10183,05/02/2025,110000,Journal Entry - Tx 10183 Line 1,7614.11,Debit
TX-10183,05/02/2025,201000,Journal Entry - Tx 10183 Line 2,-7614.11,Credit
TX-10056,06/02/2025,110000,Journal Entry - Tx 10056 Line 1,7736.63,Debit
TX-10056,06/02/2025,402000,Journal Entry - Tx 10056 Line 2,-7736.63,Credit
TX-10084,07/02/2025,601010,Journal Entry - Tx 10084 Line 1,189.27,Debit
TX-10084,07/02/2025,401000,Journal Entry - Tx 10084 Line 2,-189.27,Credit
TX-10099,08/02/2025,610000,Journal Entry - Tx 10099 Line 1,14178.51,Debit
TX-10099,08/02/2025,210000,Journal Entry - Tx 10099 Line 2,-14178.51,Credit
TX-10225,08/02/2025,501000,Journal Entry - Tx 10225 Line 1,2390.16,Debit
TX-10225,08/02/2025,390000,Journal Entry - Tx 10225 Line 2,-2390.16,Credit
TX-10276,08/02/2025,110000,Journal Entry - Tx 10276 Line 1,7068.88,Debit
TX-10276,08/02/2025,301000,Journal Entry - Tx 10276 Line 2,-7068.88,Credit
TX-10438,09/02/2025,101000,Journal Entry - Tx 10438 Line 1,4472.09,Debit
TX-10438,09/02/2025,401000,Journal Entry - Tx 10438 Line 2,-4472.09,Credit
TX-10224,11/02/2025,102001,Journal Entry - Tx 10224 Line 1,2398,Debit
TX-10224,11/02/2025,401000,Journal Entry - Tx 10224 Line 2,-2398,Credit
TX-10236,11/02/2025,501000,Journal Entry - Tx 10236 Line 1,8990.65,Debit
TX-10236,11/02/2025,402000,Journal Entry - Tx 10236 Line 2,-8990.65,Credit
TX-10350,11/02/2025,102001,Journal Entry - Tx 10350 Line 1,4865.57,Debit
TX-10350,11/02/2025,201000,Journal Entry - Tx 10350 Line 2,-4865.57,Credit
TX-10381,11/02/2025,610000,Journal Entry - Tx 10381 Line 1,4117.94,Debit
TX-10381,11/02/2025,390000,Journal Entry - Tx 10381 Line 2,-4117.94,Credit
TX-10453,12/02/2025,110000,Journal Entry - Tx 10453 Line 1,11458.6,Debit
TX-10453,12/02/2025,390000,Journal Entry - Tx 10453 Line 2,-11458.6,Credit
TX-10046,13/02/2025,101000,Journal Entry - Tx 10046 Line 1,10992.02,Debit
TX-10046,13/02/2025,401000,Journal Entry - Tx 10046 Line 2,-10992.02,Credit
TX-10432,13/02/2025,501000,Journal Entry - Tx 10432 Line 1,4678.25,Debit
TX-10432,13/02/2025,402000,Journal Entry - Tx 10432 Line 2,-4678.25,Credit
TX-10282,16/02/2025,101000,Journal Entry - Tx 10282 Line 1,6537.87,Debit
TX-10282,16/02/2025,402000,Journal Entry - Tx 10282 Line 2,-6537.87,Credit
TX-10314,16/02/2025,101000,Journal Entry - Tx 10314 Line 1,11870.7,Debit
TX-10314,16/02/2025,301000,Journal Entry - Tx 10314 Line 2,-11870.7,Credit
TX-10011,17/02/2025,110000,Journal Entry - Tx 10011 Line 1,5729.91,Debit
TX-10011,17/02/2025,301000,Journal Entry - Tx 10011 Line 2,-5729.91,Credit
TX-10358,18/02/2025,110000,Journal Entry - Tx 10358 Line 1,4722.6,Debit
TX-10358,18/02/2025,402000,Journal Entry - Tx 10358 Line 2,-4722.6,Credit
TX-10304,19/02/2025,610000,Journal Entry - Tx 10304 Line 1,13555.89,Debit
TX-10304,19/02/2025,201000,Journal Entry - Tx 10304 Line 2,-13555.89,Credit
TX-10085,21/02/2025,102001,Journal Entry - Tx 10085 Line 1,1145.25,Debit
TX-10085,21/02/2025,401000,Journal Entry - Tx 10085 Line 2,-1145.25,Credit
TX-10274,21/02/2025,501000,Journal Entry - Tx 10274 Line 1,7912.97,Debit
TX-10274,21/02/2025,201000,Journal Entry - Tx 10274 Line 2,-7912.97,Credit
TX-10212,22/02/2025,601010,Journal Entry - Tx 10212 Line 1,13097.16,Debit
TX-10212,22/02/2025,301000,Journal Entry - Tx 10212 Line 2,-13097.16,Credit
TX-10040,24/02/2025,110000,Journal Entry - Tx 10040 Line 1,13064.25,Debit
TX-10040,24/02/2025,402000,Journal Entry - Tx 10040 Line 2,-13064.25,Credit
TX-10117,25/02/2025,110000,Journal Entry - Tx 10117 Line 1,8968.74,Debit
TX-10117,25/02/2025,402000,Journal Entry - Tx 10117 Line 2,-8968.74,Credit
TX-10177,25/02/2025,110000,Journal Entry - Tx 10177 Line 1,8701.34,Debit
TX-10177,25/02/2025,401000,Journal Entry - Tx 10177 Line 2,-8701.34,Credit
TX-10349,25/02/2025,501000,Journal Entry - Tx 10349 Line 1,7379.52,Debit
TX-10349,25/02/2025,201000,Journal Entry - Tx 10349 Line 2,-7379.52,Credit
TX-10176,28/02/2025,102001,Journal Entry - Tx 10176 Line 1,11677.99,Debit
TX-10176,28/02/2025,301000,Journal Entry - Tx 10176 Line 2,-11677.99,Credit
TX-10230,28/02/2025,610000,Journal Entry - Tx 10230 Line 1,8191.21,Debit
TX-10230,28/02/2025,210000,Journal Entry - Tx 10230 Line 2,-8191.21,Credit
TX-10257,28/02/2025,101000,Journal Entry - Tx 10257 Line 1,6948.65,Debit
TX-10257,28/02/2025,402000,Journal Entry - Tx 10257 Line 2,-6948.65,Credit
TX-10091,01/03/2025,610000,Journal Entry - Tx 10091 Line 1,13351.2,Debit
TX-10091,01/03/2025,401000,Journal Entry - Tx 10091 Line 2,-13351.2,Credit
TX-10248,01/03/2025,501000,Journal Entry - Tx 10248 Line 1,14554.26,Debit
TX-10248,01/03/2025,401000,Journal Entry - Tx 10248 Line 2,-14554.26,Credit
TX-10218,02/03/2025,501000,Journal Entry - Tx 10218 Line 1,8393.19,Debit
TX-10218,02/03/2025,401000,Journal Entry - Tx 10218 Line 2,-8393.19,Credit
TX-10052,03/03/2025,101000,Journal Entry - Tx 10052 Line 1,3756.19,Debit
TX-10052,03/03/2025,301000,Journal Entry - Tx 10052 Line 2,-3756.19,Credit
TX-10254,04/03/2025,610000,Journal Entry - Tx 10254 Line 1,481.6,Debit
TX-10254,04/03/2025,401000,Journal Entry - Tx 10254 Line 2,-481.6,Credit
TX-10047,06/03/2025,501000,Journal Entry - Tx 10047 Line 1,1969.45,Debit
TX-10047,06/03/2025,401000,Journal Entry - Tx 10047 Line 2,-1969.45,Credit
TX-10343,06/03/2025,601010,Journal Entry - Tx 10343 Line 1,11138.68,Debit
TX-10343,06/03/2025,201000,Journal Entry - Tx 10343 Line 2,-11138.68,Credit
TX-10351,06/03/2025,610000,Journal Entry - Tx 10351 Line 1,4161.49,Debit
TX-10351,06/03/2025,401000,Journal Entry - Tx 10351 Line 2,-4161.49,Credit
TX-10362,08/03/2025,601010,Journal Entry - Tx 10362 Line 1,8367.74,Debit
TX-10362,08/03/2025,401000,Journal Entry - Tx 10362 Line 2,-8367.74,Credit
TX-10308,09/03/2025,110000,Journal Entry - Tx 10308 Line 1,11808.37,Debit
TX-10308,09/03/2025,401000,Journal Entry - Tx 10308 Line 2,-11808.37,Credit
TX-10262,11/03/2025,110000,Journal Entry - Tx 10262 Line 1,12967.2,Debit
TX-10262,11/03/2025,390000,Journal Entry - Tx 10262 Line 2,-12967.2,Credit
TX-10152,12/03/2025,501000,Journal Entry - Tx 10152 Line 1,2304.92,Debit
TX-10152,12/03/2025,402000,Journal Entry - Tx 10152 Line 2,-2304.92,Credit
TX-10450,12/03/2025,101000,Journal Entry - Tx 10450 Line 1,13101.38,Debit
TX-10450,12/03/2025,402000,Journal Entry - Tx 10450 Line 2,-13101.38,Credit
TX-10064,13/03/2025,110000,Journal Entry - Tx 10064 Line 1,6357.13,Debit
TX-10064,13/03/2025,390000,Journal Entry - Tx 10064 Line 2,-6357.13,Credit
TX-10461,13/03/2025,501000,Journal Entry - Tx 10461 Line 1,11394.68,Debit
TX-10461,13/03/2025,390000,Journal Entry - Tx 10461 Line 2,-11394.68,Credit
TX-10312,14/03/2025,102001,Journal Entry - Tx 10312 Line 1,11324.56,Debit
TX-10312,14/03/2025,402000,Journal Entry - Tx 10312 Line 2,-11324.56,Credit
TX-10275,15/03/2025,610000,Journal Entry - Tx 10275 Line 1,6179.18,Debit
TX-10275,15/03/2025,210000,Journal Entry - Tx 10275 Line 2,-6179.18,Credit
TX-10404,16/03/2025,102001,Journal Entry - Tx 10404 Line 1,3876.72,Debit
TX-10404,16/03/2025,401000,Journal Entry - Tx 10404 Line 2,-3876.72,Credit
TX-10136,17/03/2025,102001,Journal Entry - Tx 10136 Line 1,415.16,Debit
TX-10136,17/03/2025,390000,Journal Entry - Tx 10136 Line 2,-415.16,Credit
TX-10140,17/03/2025,101000,Journal Entry - Tx 10140 Line 1,9858.07,Debit
TX-10140,17/03/2025,201000,Journal Entry - Tx 10140 Line 2,-9858.07,Credit
TX-10337,17/03/2025,601010,Journal Entry - Tx 10337 Line 1,11840.22,Debit
TX-10337,17/03/2025,201000,Journal Entry - Tx 10337 Line 2,-11840.22,Credit
TX-10419,19/03/2025,501000,Journal Entry - Tx 10419 Line 1,14367.95,Debit
TX-10419,19/03/2025,201000,Journal Entry - Tx 10419 Line 2,-14367.95,Credit
TX-10033,20/03/2025,610000,Journal Entry - Tx 10033 Line 1,9430.32,Debit
TX-10033,20/03/2025,390000,Journal Entry - Tx 10033 Line 2,-9430.32,Credit
TX-10153,20/03/2025,101000,Journal Entry - Tx 10153 Line 1,10610.97,Debit
TX-10153,20/03/2025,390000,Journal Entry - Tx 10153 Line 2,-10610.97,Credit
TX-10186,20/03/2025,610000,Journal Entry - Tx 10186 Line 1,6560.53,Debit
TX-10186,20/03/2025,401000,Journal Entry - Tx 10186 Line 2,-6560.53,Credit
TX-10258,20/03/2025,610000,Journal Entry - Tx 10258 Line 1,7500.71,Debit
TX-10258,20/03/2025,301000,Journal Entry - Tx 10258 Line 2,-7500.71,Credit
TX-10405,20/03/2025,610000,Journal Entry - Tx 10405 Line 1,11415.22,Debit
TX-10405,20/03/2025,201000,Journal Entry - Tx 10405 Line 2,-11415.22,Credit
TX-10092,21/03/2025,601010,Journal Entry - Tx 10092 Line 1,4121.61,Debit
TX-10092,21/03/2025,210000,Journal Entry - Tx 10092 Line 2,-4121.61,Credit
TX-10105,21/03/2025,102001,Journal Entry - Tx 10105 Line 1,13890.17,Debit
TX-10105,21/03/2025,210000,Journal Entry - Tx 10105 Line 2,-13890.17,Credit
TX-10326,21/03/2025,610000,Journal Entry - Tx 10326 Line 1,13286.94,Debit
TX-10326,21/03/2025,201000,Journal Entry - Tx 10326 Line 2,-13286.94,Credit
TX-10367,21/03/2025,102001,Journal Entry - Tx 10367 Line 1,9868.21,Debit
TX-10367,21/03/2025,201000,Journal Entry - Tx 10367 Line 2,-9868.21,Credit
TX-10076,22/03/2025,601010,Journal Entry - Tx 10076 Line 1,900.35,Debit
TX-10076,22/03/2025,201000,Journal Entry - Tx 10076 Line 2,-900.35,Credit
TX-10380,22/03/2025,101000,Journal Entry - Tx 10380 Line 1,11328.82,Debit
TX-10380,22/03/2025,402000,Journal Entry - Tx 10380 Line 2,-11328.82,Credit
TX-10147,23/03/2025,501000,Journal Entry - Tx 10147 Line 1,11167.65,Debit
TX-10147,23/03/2025,390000,Journal Entry - Tx 10147 Line 2,-11167.65,Credit
TX-10042,24/03/2025,601010,Journal Entry - Tx 10042 Line 1,8113.72,Debit
TX-10042,24/03/2025,201000,Journal Entry - Tx 10042 Line 2,-8113.72,Credit
TX-10048,26/03/2025,601010,Journal Entry - Tx 10048 Line 1,4012.6,Debit
TX-10048,26/03/2025,390000,Journal Entry - Tx 10048 Line 2,-4012.6,Credit
TX-10162,26/03/2025,102001,Journal Entry - Tx 10162 Line 1,12615.56,Debit
TX-10162,26/03/2025,401000,Journal Entry - Tx 10162 Line 2,-12615.56,Credit
TX-10232,26/03/2025,601010,Journal Entry - Tx 10232 Line 1,11899.8,Debit
TX-10232,26/03/2025,402000,Journal Entry - Tx 10232 Line 2,-11899.8,Credit
TX-10133,28/03/2025,110000,Journal Entry - Tx 10133 Line 1,9899.82,Debit
TX-10133,28/03/2025,401000,Journal Entry - Tx 10133 Line 2,-9899.82,Credit
TX-10401,28/03/2025,610000,Journal Entry - Tx 10401 Line 1,1191.87,Debit
TX-10401,28/03/2025,201000,Journal Entry - Tx 10401 Line 2,-1191.87,Credit
TX-10128,31/03/2025,110000,Journal Entry - Tx 10128 Line 1,9251.95,Debit
TX-10128,31/03/2025,390000,Journal Entry - Tx 10128 Line 2,-9251.95,Credit
TX-10288,31/03/2025,501000,Journal Entry - Tx 10288 Line 1,1230.58,Debit
TX-10288,31/03/2025,401000,Journal Entry - Tx 10288 Line 2,-1230.58,Credit
TX-10480,31/03/2025,610000,Journal Entry - Tx 10480 Line 1,12464.24,Debit
TX-10480,31/03/2025,390000,Journal Entry - Tx 10480 Line 2,-12464.24,Credit
TX-10106,01/04/2025,101000,Journal Entry - Tx 10106 Line 1,13227.17,Debit
TX-10106,01/04/2025,210000,Journal Entry - Tx 10106 Line 2,-13227.17,Credit
TX-10406,01/04/2025,610000,Journal Entry - Tx 10406 Line 1,14271.82,Debit
TX-10406,01/04/2025,390000,Journal Entry - Tx 10406 Line 2,-14271.82,Credit
TX-10116,02/04/2025,110000,Journal Entry - Tx 10116 Line 1,8729.82,Debit
TX-10116,02/04/2025,201000,Journal Entry - Tx 10116 Line 2,-8729.82,Credit
TX-10374,03/04/2025,601010,Journal Entry - Tx 10374 Line 1,13054.45,Debit
TX-10374,03/04/2025,402000,Journal Entry - Tx 10374 Line 2,-13054.45,Credit
TX-10077,06/04/2025,101000,Journal Entry - Tx 10077 Line 1,1074.39,Debit
TX-10077,06/04/2025,402000,Journal Entry - Tx 10077 Line 2,-1074.39,Credit
TX-10489,06/04/2025,501000,Journal Entry - Tx 10489 Line 1,7468.24,Debit
TX-10489,06/04/2025,301000,Journal Entry - Tx 10489 Line 2,-7468.24,Credit
TX-10418,07/04/2025,501000,Journal Entry - Tx 10418 Line 1,4856.83,Debit
TX-10418,07/04/2025,401000,Journal Entry - Tx 10418 Line 2,-4856.83,Credit
TX-10302,08/04/2025,610000,Journal Entry - Tx 10302 Line 1,9332.32,Debit
TX-10302,08/04/2025,402000,Journal Entry - Tx 10302 Line 2,-9332.32,Credit
TX-10486,08/04/2025,101000,Journal Entry - Tx 10486 Line 1,4327.36,Debit
TX-10486,08/04/2025,402000,Journal Entry - Tx 10486 Line 2,-4327.36,Credit
TX-10127,09/04/2025,501000,Journal Entry - Tx 10127 Line 1,6335.67,Debit
TX-10127,09/04/2025,402000,Journal Entry - Tx 10127 Line 2,-6335.67,Credit
TX-10204,09/04/2025,610000,Journal Entry - Tx 10204 Line 1,4767.44,Debit
TX-10204,09/04/2025,401000,Journal Entry - Tx 10204 Line 2,-4767.44,Credit
TX-10179,12/04/2025,610000,Journal Entry - Tx 10179 Line 1,1186.15,Debit
TX-10179,12/04/2025,402000,Journal Entry - Tx 10179 Line 2,-1186.15,Credit
TX-10295,12/04/2025,501000,Journal Entry - Tx 10295 Line 1,14990.63,Debit
TX-10295,12/04/2025,201000,Journal Entry - Tx 10295 Line 2,-14990.63,Credit
TX-10050,13/04/2025,501000,Journal Entry - Tx 10050 Line 1,10708.59,Debit
TX-10050,13/04/2025,402000,Journal Entry - Tx 10050 Line 2,-10708.59,Credit
TX-10110,13/04/2025,501000,Journal Entry - Tx 10110 Line 1,12257.97,Debit
TX-10110,13/04/2025,301000,Journal Entry - Tx 10110 Line 2,-12257.97,Credit
TX-10335,16/04/2025,601010,Journal Entry - Tx 10335 Line 1,1075.72,Debit
TX-10335,16/04/2025,210000,Journal Entry - Tx 10335 Line 2,-1075.72,Credit
TX-10223,17/04/2025,110000,Journal Entry - Tx 10223 Line 1,9401.45,Debit
TX-10223,17/04/2025,402000,Journal Entry - Tx 10223 Line 2,-9401.45,Credit
TX-10103,18/04/2025,610000,Journal Entry - Tx 10103 Line 1,10246.9,Debit
TX-10103,18/04/2025,201000,Journal Entry - Tx 10103 Line 2,-10246.9,Credit
TX-10130,18/04/2025,601010,Journal Entry - Tx 10130 Line 1,6476.83,Debit
TX-10130,18/04/2025,401000,Journal Entry - Tx 10130 Line 2,-6476.83,Credit
TX-10049,19/04/2025,610000,Journal Entry - Tx 10049 Line 1,13937.26,Debit
TX-10049,19/04/2025,402000,Journal Entry - Tx 10049 Line 2,-13937.26,Credit
TX-10010,21/04/2025,110000,Journal Entry - Tx 10010 Line 1,14360.34,Debit
TX-10010,21/04/2025,201000,Journal Entry - Tx 10010 Line 2,-14360.34,Credit
TX-10356,21/04/2025,102001,Journal Entry - Tx 10356 Line 1,6479.55,Debit
TX-10356,21/04/2025,390000,Journal Entry - Tx 10356 Line 2,-6479.55,Credit
TX-10383,21/04/2025,101000,Journal Entry - Tx 10383 Line 1,11336.4,Debit
TX-10383,21/04/2025,301000,Journal Entry - Tx 10383 Line 2,-11336.4,Credit
TX-10005,22/04/2025,601010,Journal Entry - Tx 10005 Line 1,3528.28,Debit
TX-10005,22/04/2025,201000,Journal Entry - Tx 10005 Line 2,-3528.28,Credit
TX-10054,23/04/2025,610000,Journal Entry - Tx 10054 Line 1,157.5,Debit
TX-10054,23/04/2025,402000,Journal Entry - Tx 10054 Line 2,-157.5,Credit
TX-10160,23/04/2025,501000,Journal Entry - Tx 10160 Line 1,4130.38,Debit
TX-10160,23/04/2025,201000,Journal Entry - Tx 10160 Line 2,-4130.38,Credit
TX-10455,24/04/2025,110000,Journal Entry - Tx 10455 Line 1,12259.71,Debit
TX-10455,24/04/2025,201000,Journal Entry - Tx 10455 Line 2,-12259.71,Credit
TX-10170,25/04/2025,610000,Journal Entry - Tx 10170 Line 1,9769.65,Debit
TX-10170,25/04/2025,201000,Journal Entry - Tx 10170 Line 2,-9769.65,Credit
TX-10458,25/04/2025,101000,Journal Entry - Tx 10458 Line 1,471.4,Debit
TX-10458,25/04/2025,402000,Journal Entry - Tx 10458 Line 2,-471.4,Credit
TX-10238,28/04/2025,601010,Journal Entry - Tx 10238 Line 1,14430.57,Debit
TX-10238,28/04/2025,401000,Journal Entry - Tx 10238 Line 2,-14430.57,Credit
TX-10227,29/04/2025,110000,Journal Entry - Tx 10227 Line 1,4357.17,Debit
TX-10227,29/04/2025,402000,Journal Entry - Tx 10227 Line 2,-4357.17,Credit
TX-10290,29/04/2025,110000,Journal Entry - Tx 10290 Line 1,6944.19,Debit
TX-10290,29/04/2025,390000,Journal Entry - Tx 10290 Line 2,-6944.19,Credit
TX-10017,30/04/2025,501000,Journal Entry - Tx 10017 Line 1,13003.93,Debit
TX-10017,30/04/2025,301000,Journal Entry - Tx 10017 Line 2,-13003.93,Credit
TX-10078,01/05/2025,601010,Journal Entry - Tx 10078 Line 1,6086.44,Debit
TX-10078,01/05/2025,210000,Journal Entry - Tx 10078 Line 2,-6086.44,Credit
TX-10135,01/05/2025,102001,Journal Entry - Tx 10135 Line 1,10108.3,Debit
TX-10135,01/05/2025,210000,Journal Entry - Tx 10135 Line 2,-10108.3,Credit
TX-10323,01/05/2025,102001,Journal Entry - Tx 10323 Line 1,13314.53,Debit
TX-10323,01/05/2025,390000,Journal Entry - Tx 10323 Line 2,-13314.53,Credit
TX-10329,01/05/2025,101000,Journal Entry - Tx 10329 Line 1,12838.98,Debit
TX-10329,01/05/2025,402000,Journal Entry - Tx 10329 Line 2,-12838.98,Credit
TX-10457,01/05/2025,101000,Journal Entry - Tx 10457 Line 1,5823.18,Debit
TX-10457,01/05/2025,301000,Journal Entry - Tx 10457 Line 2,-5823.18,Credit
TX-10296,02/05/2025,110000,Journal Entry - Tx 10296 Line 1,5751.4,Debit
TX-10296,02/05/2025,401000,Journal Entry - Tx 10296 Line 2,-5751.4,Credit
TX-10444,02/05/2025,601010,Journal Entry - Tx 10444 Line 1,14545.35,Debit
TX-10444,02/05/2025,301000,Journal Entry - Tx 10444 Line 2,-14545.35,Credit
TX-10465,02/05/2025,101000,Journal Entry - Tx 10465 Line 1,4552.21,Debit
TX-10465,02/05/2025,210000,Journal Entry - Tx 10465 Line 2,-4552.21,Credit
TX-10255,03/05/2025,110000,Journal Entry - Tx 10255 Line 1,10661.25,Debit
TX-10255,03/05/2025,401000,Journal Entry - Tx 10255 Line 2,-10661.25,Credit
TX-10196,04/05/2025,501000,Journal Entry - Tx 10196 Line 1,10815.12,Debit
TX-10196,04/05/2025,401000,Journal Entry - Tx 10196 Line 2,-10815.12,Credit
TX-10197,04/05/2025,610000,Journal Entry - Tx 10197 Line 1,10374.61,Debit
TX-10197,04/05/2025,402000,Journal Entry - Tx 10197 Line 2,-10374.61,Credit
TX-10469,04/05/2025,110000,Journal Entry - Tx 10469 Line 1,10792.24,Debit
TX-10469,04/05/2025,390000,Journal Entry - Tx 10469 Line 2,-10792.24,Credit
TX-10477,04/05/2025,610000,Journal Entry - Tx 10477 Line 1,11007.47,Debit
TX-10477,04/05/2025,201000,Journal Entry - Tx 10477 Line 2,-11007.47,Credit
TX-10180,05/05/2025,110000,Journal Entry - Tx 10180 Line 1,1573.42,Debit
TX-10180,05/05/2025,402000,Journal Entry - Tx 10180 Line 2,-1573.42,Credit
TX-10002,06/05/2025,610000,Journal Entry - Tx 10002 Line 1,3387,Debit
TX-10002,06/05/2025,201000,Journal Entry - Tx 10002 Line 2,-3387,Credit
TX-10022,06/05/2025,501000,Journal Entry - Tx 10022 Line 1,2492.87,Debit
TX-10022,06/05/2025,301000,Journal Entry - Tx 10022 Line 2,-2492.87,Credit
TX-10087,06/05/2025,102001,Journal Entry - Tx 10087 Line 1,5574.43,Debit
TX-10087,06/05/2025,390000,Journal Entry - Tx 10087 Line 2,-5574.43,Credit
TX-10029,07/05/2025,601010,Journal Entry - Tx 10029 Line 1,11187.59,Debit
TX-10029,07/05/2025,301000,Journal Entry - Tx 10029 Line 2,-11187.59,Credit
TX-10063,08/05/2025,601010,Journal Entry - Tx 10063 Line 1,2914.27,Debit
TX-10063,08/05/2025,390000,Journal Entry - Tx 10063 Line 2,-2914.27,Credit
TX-10065,08/05/2025,101000,Journal Entry - Tx 10065 Line 1,13123.57,Debit
TX-10065,08/05/2025,390000,Journal Entry - Tx 10065 Line 2,-13123.57,Credit
TX-10108,08/05/2025,610000,Journal Entry - Tx 10108 Line 1,4038.75,Debit
TX-10108,08/05/2025,201000,Journal Entry - Tx 10108 Line 2,-4038.75,Credit
TX-10291,11/05/2025,501000,Journal Entry - Tx 10291 Line 1,10019.27,Debit
TX-10291,11/05/2025,301000,Journal Entry - Tx 10291 Line 2,-10019.27,Credit
TX-10359,11/05/2025,102001,Journal Entry - Tx 10359 Line 1,5645.8,Debit
TX-10359,11/05/2025,402000,Journal Entry - Tx 10359 Line 2,-5645.8,Credit
TX-10388,11/05/2025,101000,Journal Entry - Tx 10388 Line 1,4377.23,Debit
TX-10388,11/05/2025,201000,Journal Entry - Tx 10388 Line 2,-4377.23,Credit
TX-10463,12/05/2025,102001,Journal Entry - Tx 10463 Line 1,3274.04,Debit
TX-10463,12/05/2025,401000,Journal Entry - Tx 10463 Line 2,-3274.04,Credit
TX-10148,13/05/2025,610000,Journal Entry - Tx 10148 Line 1,11289.06,Debit
TX-10148,13/05/2025,301000,Journal Entry - Tx 10148 Line 2,-11289.06,Credit
TX-10039,15/05/2025,102001,Journal Entry - Tx 10039 Line 1,14579.73,Debit
TX-10039,15/05/2025,401000,Journal Entry - Tx 10039 Line 2,-14579.73,Credit
TX-10097,15/05/2025,501000,Journal Entry - Tx 10097 Line 1,2465.65,Debit
TX-10097,15/05/2025,401000,Journal Entry - Tx 10097 Line 2,-2465.65,Credit
TX-10070,16/05/2025,501000,Journal Entry - Tx 10070 Line 1,13901.45,Debit
TX-10070,16/05/2025,301000,Journal Entry - Tx 10070 Line 2,-13901.45,Credit
TX-10086,16/05/2025,110000,Journal Entry - Tx 10086 Line 1,2030.23,Debit
TX-10086,16/05/2025,201000,Journal Entry - Tx 10086 Line 2,-2030.23,Credit
TX-10037,17/05/2025,110000,Journal Entry - Tx 10037 Line 1,11540.55,Debit
TX-10037,17/05/2025,201000,Journal Entry - Tx 10037 Line 2,-11540.55,Credit
TX-10231,17/05/2025,101000,Journal Entry - Tx 10231 Line 1,12408.14,Debit
TX-10231,17/05/2025,201000,Journal Entry - Tx 10231 Line 2,-12408.14,Credit
TX-10372,17/05/2025,110000,Journal Entry - Tx 10372 Line 1,482.85,Debit
TX-10372,17/05/2025,402000,Journal Entry - Tx 10372 Line 2,-482.85,Credit
TX-10189,18/05/2025,102001,Journal Entry - Tx 10189 Line 1,4868.45,Debit
TX-10189,18/05/2025,201000,Journal Entry - Tx 10189 Line 2,-4868.45,Credit
TX-10203,19/05/2025,102001,Journal Entry - Tx 10203 Line 1,4634.01,Debit
TX-10203,19/05/2025,201000,Journal Entry - Tx 10203 Line 2,-4634.01,Credit
TX-10151,20/05/2025,601010,Journal Entry - Tx 10151 Line 1,5070.92,Debit
TX-10151,20/05/2025,201000,Journal Entry - Tx 10151 Line 2,-5070.92,Credit
TX-10235,20/05/2025,501000,Journal Entry - Tx 10235 Line 1,7532.06,Debit
TX-10235,20/05/2025,390000,Journal Entry - Tx 10235 Line 2,-7532.06,Credit
TX-10338,22/05/2025,102001,Journal Entry - Tx 10338 Line 1,12883.17,Debit
TX-10338,22/05/2025,210000,Journal Entry - Tx 10338 Line 2,-12883.17,Credit
TX-10008,23/05/2025,101000,Journal Entry - Tx 10008 Line 1,12150.99,Debit
TX-10008,23/05/2025,210000,Journal Entry - Tx 10008 Line 2,-12150.99,Credit
TX-10113,23/05/2025,110000,Journal Entry - Tx 10113 Line 1,12972.08,Debit
TX-10113,23/05/2025,301000,Journal Entry - Tx 10113 Line 2,-12972.08,Credit
TX-10190,23/05/2025,102001,Journal Entry - Tx 10190 Line 1,13230.39,Debit
TX-10190,23/05/2025,390000,Journal Entry - Tx 10190 Line 2,-13230.39,Credit
TX-10369,23/05/2025,501000,Journal Entry - Tx 10369 Line 1,8632.8,Debit
TX-10369,23/05/2025,401000,Journal Entry - Tx 10369 Line 2,-8632.8,Credit
TX-10194,24/05/2025,610000,Journal Entry - Tx 10194 Line 1,13210.78,Debit
TX-10194,24/05/2025,301000,Journal Entry - Tx 10194 Line 2,-13210.78,Credit
TX-10448,25/05/2025,601010,Journal Entry - Tx 10448 Line 1,11682.95,Debit
TX-10448,25/05/2025,401000,Journal Entry - Tx 10448 Line 2,-11682.95,Credit
TX-10414,27/05/2025,101000,Journal Entry - Tx 10414 Line 1,1197.13,Debit
TX-10414,27/05/2025,401000,Journal Entry - Tx 10414 Line 2,-1197.13,Credit
TX-10253,28/05/2025,610000,Journal Entry - Tx 10253 Line 1,6599.84,Debit
TX-10253,28/05/2025,390000,Journal Entry - Tx 10253 Line 2,-6599.84,Credit
TX-10038,31/05/2025,501000,Journal Entry - Tx 10038 Line 1,6549.74,Debit
TX-10038,31/05/2025,201000,Journal Entry - Tx 10038 Line 2,-6549.74,Credit
TX-10199,31/05/2025,610000,Journal Entry - Tx 10199 Line 1,3362.87,Debit
TX-10199,31/05/2025,210000,Journal Entry - Tx 10199 Line 2,-3362.87,Credit
TX-10483,31/05/2025,102001,Journal Entry - Tx 10483 Line 1,3063.79,Debit
TX-10483,31/05/2025,201000,Journal Entry - Tx 10483 Line 2,-3063.79,Credit
TX-10073,01/06/2025,101000,Journal Entry - Tx 10073 Line 1,3304.63,Debit
TX-10073,01/06/2025,401000,Journal Entry - Tx 10073 Line 2,-3304.63,Credit
TX-10208,01/06/2025,102001,Journal Entry - Tx 10208 Line 1,3450.87,Debit
TX-10208,01/06/2025,301000,Journal Entry - Tx 10208 Line 2,-3450.87,Credit
TX-10297,01/06/2025,110000,Journal Entry - Tx 10297 Line 1,14890.75,Debit
TX-10297,01/06/2025,201000,Journal Entry - Tx 10297 Line 2,-14890.75,Credit
TX-10347,04/06/2025,101000,Journal Entry - Tx 10347 Line 1,6897.74,Debit
TX-10347,04/06/2025,201000,Journal Entry - Tx 10347 Line 2,-6897.74,Credit
TX-10322,05/06/2025,101000,Journal Entry - Tx 10322 Line 1,14939.11,Debit
TX-10322,05/06/2025,201000,Journal Entry - Tx 10322 Line 2,-14939.11,Credit
TX-10111,06/06/2025,102001,Journal Entry - Tx 10111 Line 1,12317.02,Debit
TX-10111,06/06/2025,210000,Journal Entry - Tx 10111 Line 2,-12317.02,Credit
TX-10200,06/06/2025,110000,Journal Entry - Tx 10200 Line 1,9976.2,Debit
TX-10200,06/06/2025,390000,Journal Entry - Tx 10200 Line 2,-9976.2,Credit
TX-10102,07/06/2025,101000,Journal Entry - Tx 10102 Line 1,5501.54,Debit
TX-10102,07/06/2025,301000,Journal Entry - Tx 10102 Line 2,-5501.54,Credit
TX-10305,08/06/2025,101000,Journal Entry - Tx 10305 Line 1,11839.73,Debit
TX-10305,08/06/2025,401000,Journal Entry - Tx 10305 Line 2,-11839.73,Credit
TX-10373,08/06/2025,110000,Journal Entry - Tx 10373 Line 1,13826.99,Debit
TX-10373,08/06/2025,201000,Journal Entry - Tx 10373 Line 2,-13826.99,Credit
TX-10400,08/06/2025,102001,Journal Entry - Tx 10400 Line 1,11199.78,Debit
TX-10400,08/06/2025,301000,Journal Entry - Tx 10400 Line 2,-11199.78,Credit
TX-10082,10/06/2025,501000,Journal Entry - Tx 10082 Line 1,3618.35,Debit
TX-10082,10/06/2025,210000,Journal Entry - Tx 10082 Line 2,-3618.35,Credit
TX-10118,10/06/2025,601010,Journal Entry - Tx 10118 Line 1,6574.09,Debit
TX-10118,10/06/2025,201000,Journal Entry - Tx 10118 Line 2,-6574.09,Credit
TX-10027,11/06/2025,501000,Journal Entry - Tx 10027 Line 1,3228.77,Debit
TX-10027,11/06/2025,390000,Journal Entry - Tx 10027 Line 2,-3228.77,Credit
TX-10081,11/06/2025,102001,Journal Entry - Tx 10081 Line 1,14023.86,Debit
TX-10081,11/06/2025,402000,Journal Entry - Tx 10081 Line 2,-14023.86,Credit
TX-10410,11/06/2025,101000,Journal Entry - Tx 10410 Line 1,2306.81,Debit
TX-10410,11/06/2025,390000,Journal Entry - Tx 10410 Line 2,-2306.81,Credit
TX-10484,11/06/2025,601010,Journal Entry - Tx 10484 Line 1,14003.9,Debit
TX-10484,11/06/2025,390000,Journal Entry - Tx 10484 Line 2,-14003.9,Credit
TX-10270,12/06/2025,610000,Journal Entry - Tx 10270 Line 1,11183.34,Debit
TX-10270,12/06/2025,390000,Journal Entry - Tx 10270 Line 2,-11183.34,Credit
TX-10279,12/06/2025,501000,Journal Entry - Tx 10279 Line 1,9420.65,Debit
TX-10279,12/06/2025,401000,Journal Entry - Tx 10279 Line 2,-9420.65,Credit
TX-10268,14/06/2025,610000,Journal Entry - Tx 10268 Line 1,13050.55,Debit
TX-10268,14/06/2025,210000,Journal Entry - Tx 10268 Line 2,-13050.55,Credit
TX-10237,15/06/2025,101000,Journal Entry - Tx 10237 Line 1,9075.52,Debit
TX-10237,15/06/2025,201000,Journal Entry - Tx 10237 Line 2,-9075.52,Credit
TX-10342,15/06/2025,110000,Journal Entry - Tx 10342 Line 1,285.93,Debit
TX-10342,15/06/2025,201000,Journal Entry - Tx 10342 Line 2,-285.93,Credit
TX-10024,16/06/2025,101000,Journal Entry - Tx 10024 Line 1,12650.64,Debit
TX-10024,16/06/2025,210000,Journal Entry - Tx 10024 Line 2,-12650.64,Credit
TX-10285,16/06/2025,110000,Journal Entry - Tx 10285 Line 1,11952.34,Debit
TX-10285,16/06/2025,301000,Journal Entry - Tx 10285 Line 2,-11952.34,Credit
TX-10307,17/06/2025,102001,Journal Entry - Tx 10307 Line 1,11224.84,Debit
TX-10307,17/06/2025,210000,Journal Entry - Tx 10307 Line 2,-11224.84,Credit
TX-10493,17/06/2025,110000,Journal Entry - Tx 10493 Line 1,9930.74,Debit
TX-10493,17/06/2025,390000,Journal Entry - Tx 10493 Line 2,-9930.74,Credit
TX-10278,18/06/2025,601010,Journal Entry - Tx 10278 Line 1,12792.5,Debit
TX-10278,18/06/2025,390000,Journal Entry - Tx 10278 Line 2,-12792.5,Credit
TX-10433,18/06/2025,610000,Journal Entry - Tx 10433 Line 1,12207.11,Debit
TX-10433,18/06/2025,402000,Journal Entry - Tx 10433 Line 2,-12207.11,Credit
TX-10115,19/06/2025,101000,Journal Entry - Tx 10115 Line 1,14091.6,Debit
TX-10115,19/06/2025,301000,Journal Entry - Tx 10115 Line 2,-14091.6,Credit
TX-10487,19/06/2025,110000,Journal Entry - Tx 10487 Line 1,4134.59,Debit
TX-10487,19/06/2025,390000,Journal Entry - Tx 10487 Line 2,-4134.59,Credit
TX-10107,20/06/2025,501000,Journal Entry - Tx 10107 Line 1,11746.68,Debit
TX-10107,20/06/2025,402000,Journal Entry - Tx 10107 Line 2,-11746.68,Credit
TX-10334,20/06/2025,102001,Journal Entry - Tx 10334 Line 1,3691.36,Debit
TX-10334,20/06/2025,401000,Journal Entry - Tx 10334 Line 2,-3691.36,Credit
TX-10429,20/06/2025,610000,Journal Entry - Tx 10429 Line 1,1268.45,Debit
TX-10429,20/06/2025,210000,Journal Entry - Tx 10429 Line 2,-1268.45,Credit
TX-10426,21/06/2025,101000,Journal Entry - Tx 10426 Line 1,1035.38,Debit
TX-10426,21/06/2025,401000,Journal Entry - Tx 10426 Line 2,-1035.38,Credit
TX-10311,23/06/2025,501000,Journal Entry - Tx 10311 Line 1,12073.28,Debit
TX-10311,23/06/2025,201000,Journal Entry - Tx 10311 Line 2,-12073.28,Credit
TX-10357,23/06/2025,501000,Journal Entry - Tx 10357 Line 1,12419.92,Debit
TX-10357,23/06/2025,390000,Journal Entry - Tx 10357 Line 2,-12419.92,Credit
TX-10263,24/06/2025,601010,Journal Entry - Tx 10263 Line 1,14017.01,Debit
TX-10263,24/06/2025,301000,Journal Entry - Tx 10263 Line 2,-14017.01,Credit
TX-10093,25/06/2025,610000,Journal Entry - Tx 10093 Line 1,3093.78,Debit
TX-10093,25/06/2025,301000,Journal Entry - Tx 10093 Line 2,-3093.78,Credit
TX-10420,25/06/2025,101000,Journal Entry - Tx 10420 Line 1,14736.66,Debit
TX-10420,25/06/2025,401000,Journal Entry - Tx 10420 Line 2,-14736.66,Credit
TX-10293,26/06/2025,110000,Journal Entry - Tx 10293 Line 1,14815.39,Debit
TX-10293,26/06/2025,402000,Journal Entry - Tx 10293 Line 2,-14815.39,Credit
TX-10182,27/06/2025,610000,Journal Entry - Tx 10182 Line 1,8014.54,Debit
TX-10182,27/06/2025,301000,Journal Entry - Tx 10182 Line 2,-8014.54,Credit
TX-10368,29/06/2025,110000,Journal Entry - Tx 10368 Line 1,12688.33,Debit
TX-10368,29/06/2025,201000,Journal Entry - Tx 10368 Line 2,-12688.33,Credit
TX-10430,29/06/2025,610000,Journal Entry - Tx 10430 Line 1,4687.96,Debit
TX-10430,29/06/2025,402000,Journal Entry - Tx 10430 Line 2,-4687.96,Credit
TX-10366,30/06/2025,601010,Journal Entry - Tx 10366 Line 1,1598.83,Debit
TX-10366,30/06/2025,210000,Journal Entry - Tx 10366 Line 2,-1598.83,Credit
TX-10496,30/06/2025,501000,Journal Entry - Tx 10496 Line 1,9242.03,Debit
TX-10496,30/06/2025,301000,Journal Entry - Tx 10496 Line 2,-9242.03,Credit
TX-10104,01/07/2025,501000,Journal Entry - Tx 10104 Line 1,11712.74,Debit
TX-10104,01/07/2025,401000,Journal Entry - Tx 10104 Line 2,-11712.74,Credit
TX-10364,01/07/2025,501000,Journal Entry - Tx 10364 Line 1,13110.43,Debit
TX-10364,01/07/2025,402000,Journal Entry - Tx 10364 Line 2,-13110.43,Credit
TX-10341,03/07/2025,102001,Journal Entry - Tx 10341 Line 1,11860.27,Debit
TX-10341,03/07/2025,401000,Journal Entry - Tx 10341 Line 2,-11860.27,Credit
TX-10015,05/07/2025,610000,Journal Entry - Tx 10015 Line 1,8681.41,Debit
TX-10015,05/07/2025,201000,Journal Entry - Tx 10015 Line 2,-8681.41,Credit
TX-10031,05/07/2025,102001,Journal Entry - Tx 10031 Line 1,3328.85,Debit
TX-10031,05/07/2025,401000,Journal Entry - Tx 10031 Line 2,-3328.85,Credit
TX-10044,05/07/2025,110000,Journal Entry - Tx 10044 Line 1,13186.89,Debit
TX-10044,05/07/2025,210000,Journal Entry - Tx 10044 Line 2,-13186.89,Credit
TX-10185,05/07/2025,501000,Journal Entry - Tx 10185 Line 1,9552,Debit
TX-10185,05/07/2025,402000,Journal Entry - Tx 10185 Line 2,-9552,Credit
TX-10436,05/07/2025,102001,Journal Entry - Tx 10436 Line 1,4667.55,Debit
TX-10436,05/07/2025,301000,Journal Entry - Tx 10436 Line 2,-4667.55,Credit
TX-10306,06/07/2025,101000,Journal Entry - Tx 10306 Line 1,10998.78,Debit
TX-10306,06/07/2025,301000,Journal Entry - Tx 10306 Line 2,-10998.78,Credit
TX-10330,08/07/2025,610000,Journal Entry - Tx 10330 Line 1,8189.76,Debit
TX-10330,08/07/2025,301000,Journal Entry - Tx 10330 Line 2,-8189.76,Credit
TX-10019,09/07/2025,610000,Journal Entry - Tx 10019 Line 1,5361.3,Debit
TX-10019,09/07/2025,301000,Journal Entry - Tx 10019 Line 2,-5361.3,Credit
TX-10378,09/07/2025,110000,Journal Entry - Tx 10378 Line 1,4708.98,Debit
TX-10378,09/07/2025,401000,Journal Entry - Tx 10378 Line 2,-4708.98,Credit
TX-10317,10/07/2025,102001,Journal Entry - Tx 10317 Line 1,1669.77,Debit
TX-10317,10/07/2025,390000,Journal Entry - Tx 10317 Line 2,-1669.77,Credit
TX-10286,11/07/2025,102001,Journal Entry - Tx 10286 Line 1,6488.77,Debit
TX-10286,11/07/2025,401000,Journal Entry - Tx 10286 Line 2,-6488.77,Credit
TX-10377,12/07/2025,110000,Journal Entry - Tx 10377 Line 1,6326.5,Debit
TX-10377,12/07/2025,210000,Journal Entry - Tx 10377 Line 2,-6326.5,Credit
TX-10157,14/07/2025,110000,Journal Entry - Tx 10157 Line 1,7180.85,Debit
TX-10157,14/07/2025,301000,Journal Entry - Tx 10157 Line 2,-7180.85,Credit
TX-10220,14/07/2025,501000,Journal Entry - Tx 10220 Line 1,6785.19,Debit
TX-10220,14/07/2025,301000,Journal Entry - Tx 10220 Line 2,-6785.19,Credit
TX-10390,14/07/2025,102001,Journal Entry - Tx 10390 Line 1,8012.11,Debit
TX-10390,14/07/2025,401000,Journal Entry - Tx 10390 Line 2,-8012.11,Credit
TX-10109,15/07/2025,501000,Journal Entry - Tx 10109 Line 1,13088.89,Debit
TX-10109,15/07/2025,210000,Journal Entry - Tx 10109 Line 2,-13088.89,Credit
TX-10261,16/07/2025,601010,Journal Entry - Tx 10261 Line 1,2899.63,Debit
TX-10261,16/07/2025,401000,Journal Entry - Tx 10261 Line 2,-2899.63,Credit
TX-10119,17/07/2025,102001,Journal Entry - Tx 10119 Line 1,13497.6,Debit
TX-10119,17/07/2025,301000,Journal Entry - Tx 10119 Line 2,-13497.6,Credit
TX-10271,17/07/2025,610000,Journal Entry - Tx 10271 Line 1,14826.79,Debit
TX-10271,17/07/2025,210000,Journal Entry - Tx 10271 Line 2,-14826.79,Credit
TX-10424,18/07/2025,110000,Journal Entry - Tx 10424 Line 1,6161.1,Debit
TX-10424,18/07/2025,402000,Journal Entry - Tx 10424 Line 2,-6161.1,Credit
TX-10158,19/07/2025,501000,Journal Entry - Tx 10158 Line 1,12809.05,Debit
TX-10158,19/07/2025,401000,Journal Entry - Tx 10158 Line 2,-12809.05,Credit
TX-10161,19/07/2025,610000,Journal Entry - Tx 10161 Line 1,5075.14,Debit
TX-10161,19/07/2025,390000,Journal Entry - Tx 10161 Line 2,-5075.14,Credit
TX-10392,23/07/2025,101000,Journal Entry - Tx 10392 Line 1,12933.38,Debit
TX-10392,23/07/2025,390000,Journal Entry - Tx 10392 Line 2,-12933.38,Credit
TX-10488,24/07/2025,501000,Journal Entry - Tx 10488 Line 1,11162.45,Debit
TX-10488,24/07/2025,301000,Journal Entry - Tx 10488 Line 2,-11162.45,Credit
TX-10246,25/07/2025,601010,Journal Entry - Tx 10246 Line 1,12212.81,Debit
TX-10246,25/07/2025,201000,Journal Entry - Tx 10246 Line 2,-12212.81,Credit
TX-10375,25/07/2025,610000,Journal Entry - Tx 10375 Line 1,1090.3,Debit
TX-10375,25/07/2025,402000,Journal Entry - Tx 10375 Line 2,-1090.3,Credit
TX-10126,26/07/2025,601010,Journal Entry - Tx 10126 Line 1,10473.27,Debit
TX-10126,26/07/2025,210000,Journal Entry - Tx 10126 Line 2,-10473.27,Credit
TX-10059,28/07/2025,101000,Journal Entry - Tx 10059 Line 1,2896.63,Debit
TX-10059,28/07/2025,402000,Journal Entry - Tx 10059 Line 2,-2896.63,Credit
TX-10068,28/07/2025,102001,Journal Entry - Tx 10068 Line 1,7310.33,Debit
TX-10068,28/07/2025,390000,Journal Entry - Tx 10068 Line 2,-7310.33,Credit
TX-10154,28/07/2025,501000,Journal Entry - Tx 10154 Line 1,4996.68,Debit
TX-10154,28/07/2025,390000,Journal Entry - Tx 10154 Line 2,-4996.68,Credit
TX-10321,29/07/2025,101000,Journal Entry - Tx 10321 Line 1,1794.31,Debit
TX-10321,29/07/2025,201000,Journal Entry - Tx 10321 Line 2,-1794.31,Credit
TX-10245,30/07/2025,110000,Journal Entry - Tx 10245 Line 1,10420.42,Debit
TX-10245,30/07/2025,402000,Journal Entry - Tx 10245 Line 2,-10420.42,Credit
TX-10287,30/07/2025,102001,Journal Entry - Tx 10287 Line 1,8510.62,Debit
TX-10287,30/07/2025,210000,Journal Entry - Tx 10287 Line 2,-8510.62,Credit
TX-10250,31/07/2025,601010,Journal Entry - Tx 10250 Line 1,860.35,Debit
TX-10250,31/07/2025,301000,Journal Entry - Tx 10250 Line 2,-860.35,Credit
TX-10138,01/08/2025,601010,Journal Entry - Tx 10138 Line 1,13297.75,Debit
TX-10138,01/08/2025,210000,Journal Entry - Tx 10138 Line 2,-13297.75,Credit
TX-10456,01/08/2025,601010,Journal Entry - Tx 10456 Line 1,846.19,Debit
TX-10456,01/08/2025,301000,Journal Entry - Tx 10456 Line 2,-846.19,Credit
TX-10471,02/08/2025,610000,Journal Entry - Tx 10471 Line 1,2850.34,Debit
TX-10471,02/08/2025,201000,Journal Entry - Tx 10471 Line 2,-2850.34,Credit
TX-10080,03/08/2025,601010,Journal Entry - Tx 10080 Line 1,9877.73,Debit
TX-10080,03/08/2025,401000,Journal Entry - Tx 10080 Line 2,-9877.73,Credit
TX-10449,03/08/2025,102001,Journal Entry - Tx 10449 Line 1,14495.71,Debit
TX-10449,03/08/2025,401000,Journal Entry - Tx 10449 Line 2,-14495.71,Credit
TX-10466,03/08/2025,601010,Journal Entry - Tx 10466 Line 1,9602.33,Debit
TX-10466,03/08/2025,390000,Journal Entry - Tx 10466 Line 2,-9602.33,Credit
TX-10168,04/08/2025,101000,Journal Entry - Tx 10168 Line 1,3821.46,Debit
TX-10168,04/08/2025,390000,Journal Entry - Tx 10168 Line 2,-3821.46,Credit
TX-10184,04/08/2025,101000,Journal Entry - Tx 10184 Line 1,12343.85,Debit
TX-10184,04/08/2025,390000,Journal Entry - Tx 10184 Line 2,-12343.85,Credit
TX-10071,05/08/2025,610000,Journal Entry - Tx 10071 Line 1,10464.04,Debit
TX-10071,05/08/2025,401000,Journal Entry - Tx 10071 Line 2,-10464.04,Credit
TX-10141,06/08/2025,610000,Journal Entry - Tx 10141 Line 1,3321.67,Debit
TX-10141,06/08/2025,401000,Journal Entry - Tx 10141 Line 2,-3321.67,Credit
TX-10294,06/08/2025,501000,Journal Entry - Tx 10294 Line 1,10370.19,Debit
TX-10294,06/08/2025,301000,Journal Entry - Tx 10294 Line 2,-10370.19,Credit
TX-10491,06/08/2025,601010,Journal Entry - Tx 10491 Line 1,1229.96,Debit
TX-10491,06/08/2025,210000,Journal Entry - Tx 10491 Line 2,-1229.96,Credit
TX-10146,07/08/2025,601010,Journal Entry - Tx 10146 Line 1,12467.01,Debit
TX-10146,07/08/2025,390000,Journal Entry - Tx 10146 Line 2,-12467.01,Credit
TX-10165,08/08/2025,501000,Journal Entry - Tx 10165 Line 1,2078.71,Debit
TX-10165,08/08/2025,210000,Journal Entry - Tx 10165 Line 2,-2078.71,Credit
TX-10060,09/08/2025,501000,Journal Entry - Tx 10060 Line 1,5346.75,Debit
TX-10060,09/08/2025,390000,Journal Entry - Tx 10060 Line 2,-5346.75,Credit
TX-10354,09/08/2025,610000,Journal Entry - Tx 10354 Line 1,1532.72,Debit
TX-10354,09/08/2025,201000,Journal Entry - Tx 10354 Line 2,-1532.72,Credit
TX-10384,09/08/2025,610000,Journal Entry - Tx 10384 Line 1,1707.8,Debit
TX-10384,09/08/2025,402000,Journal Entry - Tx 10384 Line 2,-1707.8,Credit
TX-10361,10/08/2025,610000,Journal Entry - Tx 10361 Line 1,1493.64,Debit
TX-10361,10/08/2025,301000,Journal Entry - Tx 10361 Line 2,-1493.64,Credit
TX-10398,12/08/2025,102001,Journal Entry - Tx 10398 Line 1,12675.04,Debit
TX-10398,12/08/2025,390000,Journal Entry - Tx 10398 Line 2,-12675.04,Credit
TX-10422,13/08/2025,601010,Journal Entry - Tx 10422 Line 1,14865.24,Debit
TX-10422,13/08/2025,401000,Journal Entry - Tx 10422 Line 2,-14865.24,Credit
TX-10443,13/08/2025,110000,Journal Entry - Tx 10443 Line 1,703.2,Debit
TX-10443,13/08/2025,402000,Journal Entry - Tx 10443 Line 2,-703.2,Credit
TX-10150,14/08/2025,110000,Journal Entry - Tx 10150 Line 1,1208.38,Debit
TX-10150,14/08/2025,210000,Journal Entry - Tx 10150 Line 2,-1208.38,Credit
TX-10145,15/08/2025,610000,Journal Entry - Tx 10145 Line 1,9209.15,Debit
TX-10145,15/08/2025,401000,Journal Entry - Tx 10145 Line 2,-9209.15,Credit
TX-10411,15/08/2025,110000,Journal Entry - Tx 10411 Line 1,9489.21,Debit
TX-10411,15/08/2025,401000,Journal Entry - Tx 10411 Line 2,-9489.21,Credit
TX-10495,16/08/2025,101000,Journal Entry - Tx 10495 Line 1,5305.63,Debit
TX-10495,16/08/2025,402000,Journal Entry - Tx 10495 Line 2,-5305.63,Credit
TX-10266,17/08/2025,110000,Journal Entry - Tx 10266 Line 1,8101.78,Debit
TX-10266,17/08/2025,301000,Journal Entry - Tx 10266 Line 2,-8101.78,Credit
TX-10445,18/08/2025,102001,Journal Entry - Tx 10445 Line 1,3548.34,Debit
TX-10445,18/08/2025,301000,Journal Entry - Tx 10445 Line 2,-3548.34,Credit
TX-10417,19/08/2025,601010,Journal Entry - Tx 10417 Line 1,13640.3,Debit
TX-10417,19/08/2025,402000,Journal Entry - Tx 10417 Line 2,-13640.3,Credit
TX-10018,21/08/2025,110000,Journal Entry - Tx 10018 Line 1,9553.48,Debit
TX-10018,21/08/2025,210000,Journal Entry - Tx 10018 Line 2,-9553.48,Credit
TX-10167,21/08/2025,501000,Journal Entry - Tx 10167 Line 1,4936.34,Debit
TX-10167,21/08/2025,301000,Journal Entry - Tx 10167 Line 2,-4936.34,Credit
TX-10228,21/08/2025,102001,Journal Entry - Tx 10228 Line 1,1114.14,Debit
TX-10228,21/08/2025,301000,Journal Entry - Tx 10228 Line 2,-1114.14,Credit
TX-10247,21/08/2025,110000,Journal Entry - Tx 10247 Line 1,1366.49,Debit
TX-10247,21/08/2025,301000,Journal Entry - Tx 10247 Line 2,-1366.49,Credit
TX-10324,21/08/2025,610000,Journal Entry - Tx 10324 Line 1,5596.62,Debit
TX-10324,21/08/2025,402000,Journal Entry - Tx 10324 Line 2,-5596.62,Credit
TX-10332,21/08/2025,102001,Journal Entry - Tx 10332 Line 1,1420.52,Debit
TX-10332,21/08/2025,402000,Journal Entry - Tx 10332 Line 2,-1420.52,Credit
TX-10143,22/08/2025,501000,Journal Entry - Tx 10143 Line 1,2043.42,Debit
TX-10143,22/08/2025,402000,Journal Entry - Tx 10143 Line 2,-2043.42,Credit
TX-10013,24/08/2025,501000,Journal Entry - Tx 10013 Line 1,8066.61,Debit
TX-10013,24/08/2025,201000,Journal Entry - Tx 10013 Line 2,-8066.61,Credit
TX-10397,24/08/2025,110000,Journal Entry - Tx 10397 Line 1,12488.79,Debit
TX-10397,24/08/2025,201000,Journal Entry - Tx 10397 Line 2,-12488.79,Credit
TX-10413,25/08/2025,101000,Journal Entry - Tx 10413 Line 1,6806.11,Debit
TX-10413,25/08/2025,301000,Journal Entry - Tx 10413 Line 2,-6806.11,Credit
TX-10142,26/08/2025,102001,Journal Entry - Tx 10142 Line 1,800.76,Debit
TX-10142,26/08/2025,201000,Journal Entry - Tx 10142 Line 2,-800.76,Credit
TX-10320,26/08/2025,110000,Journal Entry - Tx 10320 Line 1,13645.35,Debit
TX-10320,26/08/2025,402000,Journal Entry - Tx 10320 Line 2,-13645.35,Credit
TX-10407,26/08/2025,601010,Journal Entry - Tx 10407 Line 1,11328.97,Debit
TX-10407,26/08/2025,390000,Journal Entry - Tx 10407 Line 2,-11328.97,Credit
TX-10188,27/08/2025,610000,Journal Entry - Tx 10188 Line 1,6561.84,Debit
TX-10188,27/08/2025,401000,Journal Entry - Tx 10188 Line 2,-6561.84,Credit
TX-10035,28/08/2025,601010,Journal Entry - Tx 10035 Line 1,7960.26,Debit
TX-10035,28/08/2025,201000,Journal Entry - Tx 10035 Line 2,-7960.26,Credit
TX-10234,28/08/2025,610000,Journal Entry - Tx 10234 Line 1,10345.74,Debit
TX-10234,28/08/2025,390000,Journal Entry - Tx 10234 Line 2,-10345.74,Credit
TX-10213,29/08/2025,110000,Journal Entry - Tx 10213 Line 1,7206.78,Debit
TX-10213,29/08/2025,210000,Journal Entry - Tx 10213 Line 2,-7206.78,Credit
TX-10243,29/08/2025,110000,Journal Entry - Tx 10243 Line 1,5252.02,Debit
TX-10243,29/08/2025,301000,Journal Entry - Tx 10243 Line 2,-5252.02,Credit
TX-10446,29/08/2025,102001,Journal Entry - Tx 10446 Line 1,13564.42,Debit
TX-10446,29/08/2025,301000,Journal Entry - Tx 10446 Line 2,-13564.42,Credit
TX-10260,30/08/2025,601010,Journal Entry - Tx 10260 Line 1,3693.78,Debit
TX-10260,30/08/2025,210000,Journal Entry - Tx 10260 Line 2,-3693.78,Credit
TX-10360,31/08/2025,101000,Journal Entry - Tx 10360 Line 1,1053.64,Debit
TX-10360,31/08/2025,201000,Journal Entry - Tx 10360 Line 2,-1053.64,Credit
TX-10348,03/09/2025,501000,Journal Entry - Tx 10348 Line 1,12717.11,Debit
TX-10348,03/09/2025,402000,Journal Entry - Tx 10348 Line 2,-12717.11,Credit
TX-10310,04/09/2025,110000,Journal Entry - Tx 10310 Line 1,14512.39,Debit
TX-10310,04/09/2025,402000,Journal Entry - Tx 10310 Line 2,-14512.39,Credit
TX-10451,04/09/2025,601010,Journal Entry - Tx 10451 Line 1,13118.05,Debit
TX-10451,04/09/2025,201000,Journal Entry - Tx 10451 Line 2,-13118.05,Credit
TX-10206,05/09/2025,601010,Journal Entry - Tx 10206 Line 1,4183.67,Debit
TX-10206,05/09/2025,401000,Journal Entry - Tx 10206 Line 2,-4183.67,Credit
TX-10057,06/09/2025,102001,Journal Entry - Tx 10057 Line 1,3252.84,Debit
TX-10057,06/09/2025,402000,Journal Entry - Tx 10057 Line 2,-3252.84,Credit
TX-10382,06/09/2025,501000,Journal Entry - Tx 10382 Line 1,9125.79,Debit
TX-10382,06/09/2025,301000,Journal Entry - Tx 10382 Line 2,-9125.79,Credit
TX-10437,06/09/2025,102001,Journal Entry - Tx 10437 Line 1,2920.48,Debit
TX-10437,06/09/2025,210000,Journal Entry - Tx 10437 Line 2,-2920.48,Credit
TX-10193,07/09/2025,110000,Journal Entry - Tx 10193 Line 1,3221.19,Debit
TX-10193,07/09/2025,301000,Journal Entry - Tx 10193 Line 2,-3221.19,Credit
TX-10327,08/09/2025,110000,Journal Entry - Tx 10327 Line 1,9254,Debit
TX-10327,08/09/2025,201000,Journal Entry - Tx 10327 Line 2,-9254,Credit
TX-10198,09/09/2025,101000,Journal Entry - Tx 10198 Line 1,6750.21,Debit
TX-10198,09/09/2025,201000,Journal Entry - Tx 10198 Line 2,-6750.21,Credit
TX-10032,10/09/2025,101000,Journal Entry - Tx 10032 Line 1,1409.1,Debit
TX-10032,10/09/2025,201000,Journal Entry - Tx 10032 Line 2,-1409.1,Credit
TX-10272,11/09/2025,102001,Journal Entry - Tx 10272 Line 1,14474.13,Debit
TX-10272,11/09/2025,401000,Journal Entry - Tx 10272 Line 2,-14474.13,Credit
TX-10300,12/09/2025,110000,Journal Entry - Tx 10300 Line 1,12500.94,Debit
TX-10300,12/09/2025,210000,Journal Entry - Tx 10300 Line 2,-12500.94,Credit
TX-10389,12/09/2025,102001,Journal Entry - Tx 10389 Line 1,11217.86,Debit
TX-10389,12/09/2025,210000,Journal Entry - Tx 10389 Line 2,-11217.86,Credit
TX-10309,14/09/2025,102001,Journal Entry - Tx 10309 Line 1,13706.63,Debit
TX-10309,14/09/2025,301000,Journal Entry - Tx 10309 Line 2,-13706.63,Credit
TX-10094,16/09/2025,101000,Journal Entry - Tx 10094 Line 1,7353.55,Debit
TX-10094,16/09/2025,201000,Journal Entry - Tx 10094 Line 2,-7353.55,Credit
TX-10041,17/09/2025,102001,Journal Entry - Tx 10041 Line 1,9154.1,Debit
TX-10041,17/09/2025,301000,Journal Entry - Tx 10041 Line 2,-9154.1,Credit
TX-10125,17/09/2025,501000,Journal Entry - Tx 10125 Line 1,4673.81,Debit
TX-10125,17/09/2025,301000,Journal Entry - Tx 10125 Line 2,-4673.81,Credit
TX-10259,18/09/2025,501000,Journal Entry - Tx 10259 Line 1,10595.9,Debit
TX-10259,18/09/2025,390000,Journal Entry - Tx 10259 Line 2,-10595.9,Credit
TX-10454,20/09/2025,501000,Journal Entry - Tx 10454 Line 1,2252.86,Debit
TX-10454,20/09/2025,201000,Journal Entry - Tx 10454 Line 2,-2252.86,Credit
TX-10241,23/09/2025,110000,Journal Entry - Tx 10241 Line 1,9790.07,Debit
TX-10241,23/09/2025,210000,Journal Entry - Tx 10241 Line 2,-9790.07,Credit
TX-10490,23/09/2025,101000,Journal Entry - Tx 10490 Line 1,4037.47,Debit
TX-10490,23/09/2025,402000,Journal Entry - Tx 10490 Line 2,-4037.47,Credit
TX-10149,24/09/2025,102001,Journal Entry - Tx 10149 Line 1,7294.73,Debit
TX-10149,24/09/2025,301000,Journal Entry - Tx 10149 Line 2,-7294.73,Credit
TX-10472,26/09/2025,101000,Journal Entry - Tx 10472 Line 1,14621.08,Debit
TX-10472,26/09/2025,401000,Journal Entry - Tx 10472 Line 2,-14621.08,Credit
TX-10089,28/09/2025,601010,Journal Entry - Tx 10089 Line 1,166.96,Debit
TX-10089,28/09/2025,301000,Journal Entry - Tx 10089 Line 2,-166.96,Credit
TX-10144,29/09/2025,601010,Journal Entry - Tx 10144 Line 1,14818.99,Debit
TX-10144,29/09/2025,301000,Journal Entry - Tx 10144 Line 2,-14818.99,Credit
TX-10353,29/09/2025,601010,Journal Entry - Tx 10353 Line 1,4458.72,Debit
TX-10353,29/09/2025,401000,Journal Entry - Tx 10353 Line 2,-4458.72,Credit
TX-10402,29/09/2025,110000,Journal Entry - Tx 10402 Line 1,7673.78,Debit
TX-10402,29/09/2025,301000,Journal Entry - Tx 10402 Line 2,-7673.78,Credit
TX-10163,01/10/2025,501000,Journal Entry - Tx 10163 Line 1,453.15,Debit
TX-10163,01/10/2025,401000,Journal Entry - Tx 10163 Line 2,-453.15,Credit
TX-10315,02/10/2025,110000,Journal Entry - Tx 10315 Line 1,1897.65,Debit
TX-10315,02/10/2025,402000,Journal Entry - Tx 10315 Line 2,-1897.65,Credit
TX-10468,02/10/2025,601010,Journal Entry - Tx 10468 Line 1,295.71,Debit
TX-10468,02/10/2025,401000,Journal Entry - Tx 10468 Line 2,-295.71,Credit
TX-10121,03/10/2025,610000,Journal Entry - Tx 10121 Line 1,10318.51,Debit
TX-10121,03/10/2025,402000,Journal Entry - Tx 10121 Line 2,-10318.51,Credit
TX-10325,04/10/2025,610000,Journal Entry - Tx 10325 Line 1,6315.94,Debit
TX-10325,04/10/2025,402000,Journal Entry - Tx 10325 Line 2,-6315.94,Credit
TX-10339,04/10/2025,102001,Journal Entry - Tx 10339 Line 1,3797.28,Debit
TX-10339,04/10/2025,201000,Journal Entry - Tx 10339 Line 2,-3797.28,Credit
TX-10439,04/10/2025,601010,Journal Entry - Tx 10439 Line 1,12535.04,Debit
TX-10439,04/10/2025,201000,Journal Entry - Tx 10439 Line 2,-12535.04,Credit
TX-10074,05/10/2025,110000,Journal Entry - Tx 10074 Line 1,961.32,Debit
TX-10074,05/10/2025,201000,Journal Entry - Tx 10074 Line 2,-961.32,Credit
TX-10088,06/10/2025,601010,Journal Entry - Tx 10088 Line 1,10567.92,Debit
TX-10088,06/10/2025,402000,Journal Entry - Tx 10088 Line 2,-10567.92,Credit
TX-10473,06/10/2025,601010,Journal Entry - Tx 10473 Line 1,7634.55,Debit
TX-10473,06/10/2025,401000,Journal Entry - Tx 10473 Line 2,-7634.55,Credit
TX-10485,06/10/2025,101000,Journal Entry - Tx 10485 Line 1,7127.33,Debit
TX-10485,06/10/2025,402000,Journal Entry - Tx 10485 Line 2,-7127.33,Credit
TX-10007,07/10/2025,501000,Journal Entry - Tx 10007 Line 1,6321.82,Debit
TX-10007,07/10/2025,401000,Journal Entry - Tx 10007 Line 2,-6321.82,Credit
TX-10100,07/10/2025,110000,Journal Entry - Tx 10100 Line 1,588.62,Debit
TX-10100,07/10/2025,401000,Journal Entry - Tx 10100 Line 2,-588.62,Credit
TX-10159,07/10/2025,102001,Journal Entry - Tx 10159 Line 1,12008.03,Debit
TX-10159,07/10/2025,390000,Journal Entry - Tx 10159 Line 2,-12008.03,Credit
TX-10492,07/10/2025,101000,Journal Entry - Tx 10492 Line 1,4441.81,Debit
TX-10492,07/10/2025,201000,Journal Entry - Tx 10492 Line 2,-4441.81,Credit
TX-10129,08/10/2025,110000,Journal Entry - Tx 10129 Line 1,12514.19,Debit
TX-10129,08/10/2025,301000,Journal Entry - Tx 10129 Line 2,-12514.19,Credit
TX-10352,08/10/2025,501000,Journal Entry - Tx 10352 Line 1,10696.68,Debit
TX-10352,08/10/2025,401000,Journal Entry - Tx 10352 Line 2,-10696.68,Credit
TX-10066,09/10/2025,610000,Journal Entry - Tx 10066 Line 1,1513.74,Debit
TX-10066,09/10/2025,401000,Journal Entry - Tx 10066 Line 2,-1513.74,Credit
TX-10202,09/10/2025,610000,Journal Entry - Tx 10202 Line 1,4995.33,Debit
TX-10202,09/10/2025,390000,Journal Entry - Tx 10202 Line 2,-4995.33,Credit
TX-10014,10/10/2025,610000,Journal Entry - Tx 10014 Line 1,4433.02,Debit
TX-10014,10/10/2025,401000,Journal Entry - Tx 10014 Line 2,-4433.02,Credit
TX-10101,10/10/2025,102001,Journal Entry - Tx 10101 Line 1,2264,Debit
TX-10101,10/10/2025,201000,Journal Entry - Tx 10101 Line 2,-2264,Credit
TX-10267,10/10/2025,501000,Journal Entry - Tx 10267 Line 1,11454.95,Debit
TX-10267,10/10/2025,390000,Journal Entry - Tx 10267 Line 2,-11454.95,Credit
TX-10201,11/10/2025,501000,Journal Entry - Tx 10201 Line 1,7987.28,Debit
TX-10201,11/10/2025,402000,Journal Entry - Tx 10201 Line 2,-7987.28,Credit
TX-10416,11/10/2025,610000,Journal Entry - Tx 10416 Line 1,14315.76,Debit
TX-10416,11/10/2025,201000,Journal Entry - Tx 10416 Line 2,-14315.76,Credit
TX-10195,12/10/2025,102001,Journal Entry - Tx 10195 Line 1,201.76,Debit
TX-10195,12/10/2025,201000,Journal Entry - Tx 10195 Line 2,-201.76,Credit
TX-10391,14/10/2025,110000,Journal Entry - Tx 10391 Line 1,12508.65,Debit
TX-10391,14/10/2025,201000,Journal Entry - Tx 10391 Line 2,-12508.65,Credit
TX-10006,15/10/2025,610000,Journal Entry - Tx 10006 Line 1,3022.62,Debit
TX-10006,15/10/2025,402000,Journal Entry - Tx 10006 Line 2,-3022.62,Credit
TX-10363,15/10/2025,101000,Journal Entry - Tx 10363 Line 1,4978.21,Debit
TX-10363,15/10/2025,390000,Journal Entry - Tx 10363 Line 2,-4978.21,Credit
TX-10164,16/10/2025,101000,Journal Entry - Tx 10164 Line 1,9961.85,Debit
TX-10164,16/10/2025,402000,Journal Entry - Tx 10164 Line 2,-9961.85,Credit
TX-10217,16/10/2025,101000,Journal Entry - Tx 10217 Line 1,14239.43,Debit
TX-10217,16/10/2025,210000,Journal Entry - Tx 10217 Line 2,-14239.43,Credit
TX-10191,19/10/2025,501000,Journal Entry - Tx 10191 Line 1,9174.46,Debit
TX-10191,19/10/2025,301000,Journal Entry - Tx 10191 Line 2,-9174.46,Credit
TX-10233,19/10/2025,501000,Journal Entry - Tx 10233 Line 1,13821.83,Debit
TX-10233,19/10/2025,201000,Journal Entry - Tx 10233 Line 2,-13821.83,Credit
TX-10058,20/10/2025,102001,Journal Entry - Tx 10058 Line 1,8664.36,Debit
TX-10058,20/10/2025,390000,Journal Entry - Tx 10058 Line 2,-8664.36,Credit
TX-10269,20/10/2025,501000,Journal Entry - Tx 10269 Line 1,5775.41,Debit
TX-10269,20/10/2025,201000,Journal Entry - Tx 10269 Line 2,-5775.41,Credit
TX-10394,22/10/2025,501000,Journal Entry - Tx 10394 Line 1,6467.8,Debit
TX-10394,22/10/2025,402000,Journal Entry - Tx 10394 Line 2,-6467.8,Credit
TX-10240,23/10/2025,102001,Journal Entry - Tx 10240 Line 1,651.46,Debit
TX-10240,23/10/2025,390000,Journal Entry - Tx 10240 Line 2,-651.46,Credit
TX-10079,24/10/2025,601010,Journal Entry - Tx 10079 Line 1,8938.06,Debit
TX-10079,24/10/2025,201000,Journal Entry - Tx 10079 Line 2,-8938.06,Credit
TX-10265,24/10/2025,501000,Journal Entry - Tx 10265 Line 1,14983.59,Debit
TX-10265,24/10/2025,210000,Journal Entry - Tx 10265 Line 2,-14983.59,Credit
TX-10478,25/10/2025,110000,Journal Entry - Tx 10478 Line 1,11041.05,Debit
TX-10478,25/10/2025,210000,Journal Entry - Tx 10478 Line 2,-11041.05,Credit
TX-10030,27/10/2025,601010,Journal Entry - Tx 10030 Line 1,6455.09,Debit
TX-10030,27/10/2025,390000,Journal Entry - Tx 10030 Line 2,-6455.09,Credit
TX-10156,27/10/2025,101000,Journal Entry - Tx 10156 Line 1,14193.63,Debit
TX-10156,27/10/2025,401000,Journal Entry - Tx 10156 Line 2,-14193.63,Credit
TX-10242,27/10/2025,501000,Journal Entry - Tx 10242 Line 1,6566.48,Debit
TX-10242,27/10/2025,201000,Journal Entry - Tx 10242 Line 2,-6566.48,Credit
TX-10336,28/10/2025,102001,Journal Entry - Tx 10336 Line 1,3278.47,Debit
TX-10336,28/10/2025,301000,Journal Entry - Tx 10336 Line 2,-3278.47,Credit
TX-10221,29/10/2025,110000,Journal Entry - Tx 10221 Line 1,14850.97,Debit
TX-10221,29/10/2025,401000,Journal Entry - Tx 10221 Line 2,-14850.97,Credit
TX-10399,29/10/2025,101000,Journal Entry - Tx 10399 Line 1,6036.72,Debit
TX-10399,29/10/2025,390000,Journal Entry - Tx 10399 Line 2,-6036.72,Credit
TX-10004,30/10/2025,101000,Journal Entry - Tx 10004 Line 1,6357.73,Debit
TX-10004,30/10/2025,201000,Journal Entry - Tx 10004 Line 2,-6357.73,Credit
TX-10273,30/10/2025,101000,Journal Entry - Tx 10273 Line 1,5013.32,Debit
TX-10273,30/10/2025,390000,Journal Entry - Tx 10273 Line 2,-5013.32,Credit
TX-10345,31/10/2025,601010,Journal Entry - Tx 10345 Line 1,1680.36,Debit
TX-10345,31/10/2025,210000,Journal Entry - Tx 10345 Line 2,-1680.36,Credit
TX-10385,31/10/2025,610000,Journal Entry - Tx 10385 Line 1,7325.16,Debit
TX-10385,31/10/2025,301000,Journal Entry - Tx 10385 Line 2,-7325.16,Credit
TX-10415,01/11/2025,501000,Journal Entry - Tx 10415 Line 1,7630.66,Debit
TX-10415,01/11/2025,401000,Journal Entry - Tx 10415 Line 2,-7630.66,Credit
TX-10034,02/11/2025,501000,Journal Entry - Tx 10034 Line 1,999.74,Debit
TX-10034,02/11/2025,401000,Journal Entry - Tx 10034 Line 2,-999.74,Credit
TX-10207,02/11/2025,101000,Journal Entry - Tx 10207 Line 1,4280.83,Debit
TX-10207,02/11/2025,210000,Journal Entry - Tx 10207 Line 2,-4280.83,Credit
TX-10219,02/11/2025,102001,Journal Entry - Tx 10219 Line 1,11871.58,Debit
TX-10219,02/11/2025,401000,Journal Entry - Tx 10219 Line 2,-11871.58,Credit
TX-10379,02/11/2025,101000,Journal Entry - Tx 10379 Line 1,1320.11,Debit
TX-10379,02/11/2025,210000,Journal Entry - Tx 10379 Line 2,-1320.11,Credit
TX-10441,02/11/2025,102001,Journal Entry - Tx 10441 Line 1,5681.96,Debit
TX-10441,02/11/2025,210000,Journal Entry - Tx 10441 Line 2,-5681.96,Credit
TX-10043,03/11/2025,101000,Journal Entry - Tx 10043 Line 1,4896.13,Debit
TX-10043,03/11/2025,201000,Journal Entry - Tx 10043 Line 2,-4896.13,Credit
TX-10425,03/11/2025,610000,Journal Entry - Tx 10425 Line 1,832.86,Debit
TX-10425,03/11/2025,402000,Journal Entry - Tx 10425 Line 2,-832.86,Credit
TX-10181,04/11/2025,601010,Journal Entry - Tx 10181 Line 1,12092.64,Debit
TX-10181,04/11/2025,201000,Journal Entry - Tx 10181 Line 2,-12092.64,Credit
TX-10494,05/11/2025,102001,Journal Entry - Tx 10494 Line 1,10779.06,Debit
TX-10494,05/11/2025,402000,Journal Entry - Tx 10494 Line 2,-10779.06,Credit
TX-10012,06/11/2025,101000,Journal Entry - Tx 10012 Line 1,4004.59,Debit
TX-10012,06/11/2025,402000,Journal Entry - Tx 10012 Line 2,-4004.59,Credit
TX-10175,07/11/2025,610000,Journal Entry - Tx 10175 Line 1,9128.35,Debit
TX-10175,07/11/2025,402000,Journal Entry - Tx 10175 Line 2,-9128.35,Credit
TX-10301,07/11/2025,102001,Journal Entry - Tx 10301 Line 1,12038.88,Debit
TX-10301,07/11/2025,402000,Journal Entry - Tx 10301 Line 2,-12038.88,Credit
TX-10021,08/11/2025,601010,Journal Entry - Tx 10021 Line 1,9542.93,Debit
TX-10021,08/11/2025,402000,Journal Entry - Tx 10021 Line 2,-9542.93,Credit
TX-10464,08/11/2025,101000,Journal Entry - Tx 10464 Line 1,7940.18,Debit
TX-10464,08/11/2025,301000,Journal Entry - Tx 10464 Line 2,-7940.18,Credit
TX-10500,08/11/2025,501000,Journal Entry - Tx 10500 Line 1,10187.43,Debit
TX-10500,08/11/2025,201000,Journal Entry - Tx 10500 Line 2,-10187.43,Credit
TX-10137,09/11/2025,101000,Journal Entry - Tx 10137 Line 1,12753.58,Debit
TX-10137,09/11/2025,390000,Journal Entry - Tx 10137 Line 2,-12753.58,Credit
TX-10319,09/11/2025,101000,Journal Entry - Tx 10319 Line 1,3359.44,Debit
TX-10319,09/11/2025,402000,Journal Entry - Tx 10319 Line 2,-3359.44,Credit
TX-10423,09/11/2025,110000,Journal Entry - Tx 10423 Line 1,2423.26,Debit
TX-10423,09/11/2025,301000,Journal Entry - Tx 10423 Line 2,-2423.26,Credit
TX-10346,11/11/2025,610000,Journal Entry - Tx 10346 Line 1,698.31,Debit
TX-10346,11/11/2025,401000,Journal Entry - Tx 10346 Line 2,-698.31,Credit
TX-10462,12/11/2025,101000,Journal Entry - Tx 10462 Line 1,128.51,Debit
TX-10462,12/11/2025,201000,Journal Entry - Tx 10462 Line 2,-128.51,Credit
TX-10222,14/11/2025,610000,Journal Entry - Tx 10222 Line 1,950.44,Debit
TX-10222,14/11/2025,201000,Journal Entry - Tx 10222 Line 2,-950.44,Credit
TX-10172,15/11/2025,102001,Journal Entry - Tx 10172 Line 1,2328.12,Debit
TX-10172,15/11/2025,390000,Journal Entry - Tx 10172 Line 2,-2328.12,Credit
TX-10251,15/11/2025,610000,Journal Entry - Tx 10251 Line 1,11358.83,Debit
TX-10251,15/11/2025,390000,Journal Entry - Tx 10251 Line 2,-11358.83,Credit
TX-10370,15/11/2025,610000,Journal Entry - Tx 10370 Line 1,9222.92,Debit
TX-10370,15/11/2025,401000,Journal Entry - Tx 10370 Line 2,-9222.92,Credit
TX-10277,16/11/2025,610000,Journal Entry - Tx 10277 Line 1,10405.93,Debit
TX-10277,16/11/2025,201000,Journal Entry - Tx 10277 Line 2,-10405.93,Credit
TX-10229,17/11/2025,102001,Journal Entry - Tx 10229 Line 1,8867.35,Debit
TX-10229,17/11/2025,390000,Journal Entry - Tx 10229 Line 2,-8867.35,Credit
TX-10216,19/11/2025,102001,Journal Entry - Tx 10216 Line 1,10312.44,Debit
TX-10216,19/11/2025,210000,Journal Entry - Tx 10216 Line 2,-10312.44,Credit
TX-10095,21/11/2025,110000,Journal Entry - Tx 10095 Line 1,6382.46,Debit
TX-10095,21/11/2025,201000,Journal Entry - Tx 10095 Line 2,-6382.46,Credit
TX-10409,22/11/2025,110000,Journal Entry - Tx 10409 Line 1,14798.65,Debit
TX-10409,22/11/2025,402000,Journal Entry - Tx 10409 Line 2,-14798.65,Credit
TX-10475,22/11/2025,110000,Journal Entry - Tx 10475 Line 1,5833.88,Debit
TX-10475,22/11/2025,301000,Journal Entry - Tx 10475 Line 2,-5833.88,Credit
TX-10001,24/11/2025,610000,Journal Entry - Tx 10001 Line 1,1714.4,Debit
TX-10001,24/11/2025,301000,Journal Entry - Tx 10001 Line 2,-1714.4,Credit
TX-10023,24/11/2025,102001,Journal Entry - Tx 10023 Line 1,10338.02,Debit
TX-10023,24/11/2025,402000,Journal Entry - Tx 10023 Line 2,-10338.02,Credit
TX-10333,24/11/2025,101000,Journal Entry - Tx 10333 Line 1,8977.33,Debit
TX-10333,24/11/2025,201000,Journal Entry - Tx 10333 Line 2,-8977.33,Credit
TX-10395,24/11/2025,101000,Journal Entry - Tx 10395 Line 1,6294.52,Debit
TX-10395,24/11/2025,390000,Journal Entry - Tx 10395 Line 2,-6294.52,Credit
TX-10497,24/11/2025,101000,Journal Entry - Tx 10497 Line 1,14701.41,Debit
TX-10497,24/11/2025,201000,Journal Entry - Tx 10497 Line 2,-14701.41,Credit
TX-10114,25/11/2025,610000,Journal Entry - Tx 10114 Line 1,7665.61,Debit
TX-10114,25/11/2025,401000,Journal Entry - Tx 10114 Line 2,-7665.61,Credit
TX-10028,26/11/2025,110000,Journal Entry - Tx 10028 Line 1,6909.84,Debit
TX-10028,26/11/2025,210000,Journal Entry - Tx 10028 Line 2,-6909.84,Credit
TX-10403,27/11/2025,102001,Journal Entry - Tx 10403 Line 1,12234.8,Debit
TX-10403,27/11/2025,201000,Journal Entry - Tx 10403 Line 2,-12234.8,Credit
TX-10421,27/11/2025,102001,Journal Entry - Tx 10421 Line 1,2629.76,Debit
TX-10421,27/11/2025,402000,Journal Entry - Tx 10421 Line 2,-2629.76,Credit
TX-10051,29/11/2025,601010,Journal Entry - Tx 10051 Line 1,5632.64,Debit
TX-10051,29/11/2025,390000,Journal Entry - Tx 10051 Line 2,-5632.64,Credit
TX-10459,29/11/2025,102001,Journal Entry - Tx 10459 Line 1,5062.59,Debit
TX-10459,29/11/2025,210000,Journal Entry - Tx 10459 Line 2,-5062.59,Credit
TX-10187,30/11/2025,601010,Journal Entry - Tx 10187 Line 1,4087.73,Debit
TX-10187,30/11/2025,390000,Journal Entry - Tx 10187 Line 2,-4087.73,Credit
TX-10131,02/12/2025,501000,Journal Entry - Tx 10131 Line 1,4867.63,Debit
TX-10131,02/12/2025,390000,Journal Entry - Tx 10131 Line 2,-4867.63,Credit
TX-10355,02/12/2025,601010,Journal Entry - Tx 10355 Line 1,9781.2,Debit
TX-10355,02/12/2025,402000,Journal Entry - Tx 10355 Line 2,-9781.2,Credit
TX-10428,03/12/2025,601010,Journal Entry - Tx 10428 Line 1,14467.93,Debit
TX-10428,03/12/2025,210000,Journal Entry - Tx 10428 Line 2,-14467.93,Credit
TX-10298,04/12/2025,101000,Journal Entry - Tx 10298 Line 1,5967.3,Debit
TX-10298,04/12/2025,401000,Journal Entry - Tx 10298 Line 2,-5967.3,Credit
TX-10303,04/12/2025,102001,Journal Entry - Tx 10303 Line 1,10228.78,Debit
TX-10303,04/12/2025,402000,Journal Entry - Tx 10303 Line 2,-10228.78,Credit
TX-10072,05/12/2025,102001,Journal Entry - Tx 10072 Line 1,10790.2,Debit
TX-10072,05/12/2025,210000,Journal Entry - Tx 10072 Line 2,-10790.2,Credit
TX-10340,05/12/2025,102001,Journal Entry - Tx 10340 Line 1,13003.4,Debit
TX-10340,05/12/2025,201000,Journal Entry - Tx 10340 Line 2,-13003.4,Credit
TX-10440,05/12/2025,601010,Journal Entry - Tx 10440 Line 1,5084.63,Debit
TX-10440,05/12/2025,210000,Journal Entry - Tx 10440 Line 2,-5084.63,Credit
TX-10090,06/12/2025,102001,Journal Entry - Tx 10090 Line 1,1598.62,Debit
TX-10090,06/12/2025,301000,Journal Entry - Tx 10090 Line 2,-1598.62,Credit
TX-10124,06/12/2025,610000,Journal Entry - Tx 10124 Line 1,12727.83,Debit
TX-10124,06/12/2025,301000,Journal Entry - Tx 10124 Line 2,-12727.83,Credit
TX-10134,06/12/2025,110000,Journal Entry - Tx 10134 Line 1,9512.47,Debit
TX-10134,06/12/2025,201000,Journal Entry - Tx 10134 Line 2,-9512.47,Credit
TX-10431,06/12/2025,601010,Journal Entry - Tx 10431 Line 1,5909.77,Debit
TX-10431,06/12/2025,402000,Journal Entry - Tx 10431 Line 2,-5909.77,Credit
TX-10123,07/12/2025,601010,Journal Entry - Tx 10123 Line 1,13815.52,Debit
TX-10123,07/12/2025,301000,Journal Entry - Tx 10123 Line 2,-13815.52,Credit
TX-10173,09/12/2025,102001,Journal Entry - Tx 10173 Line 1,1760.12,Debit
TX-10173,09/12/2025,390000,Journal Entry - Tx 10173 Line 2,-1760.12,Credit
TX-10083,10/12/2025,501000,Journal Entry - Tx 10083 Line 1,9700.24,Debit
TX-10083,10/12/2025,301000,Journal Entry - Tx 10083 Line 2,-9700.24,Credit
TX-10122,10/12/2025,501000,Journal Entry - Tx 10122 Line 1,2995.68,Debit
TX-10122,10/12/2025,201000,Journal Entry - Tx 10122 Line 2,-2995.68,Credit
TX-10244,10/12/2025,102001,Journal Entry - Tx 10244 Line 1,1613.77,Debit
TX-10244,10/12/2025,301000,Journal Entry - Tx 10244 Line 2,-1613.77,Credit
TX-10435,10/12/2025,110000,Journal Entry - Tx 10435 Line 1,6379.93,Debit
TX-10435,10/12/2025,201000,Journal Entry - Tx 10435 Line 2,-6379.93,Credit
TX-10498,10/12/2025,110000,Journal Entry - Tx 10498 Line 1,9580.81,Debit
TX-10498,10/12/2025,401000,Journal Entry - Tx 10498 Line 2,-9580.81,Credit
TX-10316,11/12/2025,501000,Journal Entry - Tx 10316 Line 1,3969.31,Debit
TX-10316,11/12/2025,402000,Journal Entry - Tx 10316 Line 2,-3969.31,Credit
TX-10132,12/12/2025,501000,Journal Entry - Tx 10132 Line 1,3244.84,Debit
TX-10132,12/12/2025,402000,Journal Entry - Tx 10132 Line 2,-3244.84,Credit
TX-10313,12/12/2025,601010,Journal Entry - Tx 10313 Line 1,14700.14,Debit
TX-10313,12/12/2025,301000,Journal Entry - Tx 10313 Line 2,-14700.14,Credit
TX-10003,13/12/2025,601010,Journal Entry - Tx 10003 Line 1,11122.98,Debit
TX-10003,13/12/2025,201000,Journal Entry - Tx 10003 Line 2,-11122.98,Credit
TX-10178,13/12/2025,501000,Journal Entry - Tx 10178 Line 1,13624.99,Debit
TX-10178,13/12/2025,390000,Journal Entry - Tx 10178 Line 2,-13624.99,Credit
TX-10292,13/12/2025,101000,Journal Entry - Tx 10292 Line 1,8221.64,Debit
TX-10292,13/12/2025,390000,Journal Entry - Tx 10292 Line 2,-8221.64,Credit
TX-10427,14/12/2025,110000,Journal Entry - Tx 10427 Line 1,5829.13,Debit
TX-10427,14/12/2025,402000,Journal Entry - Tx 10427 Line 2,-5829.13,Credit
TX-10447,14/12/2025,501000,Journal Entry - Tx 10447 Line 1,14209.6,Debit
TX-10447,14/12/2025,390000,Journal Entry - Tx 10447 Line 2,-14209.6,Credit
TX-10499,14/12/2025,101000,Journal Entry - Tx 10499 Line 1,2441.8,Debit
TX-10499,14/12/2025,210000,Journal Entry - Tx 10499 Line 2,-2441.8,Credit
TX-10036,15/12/2025,610000,Journal Entry - Tx 10036 Line 1,10824.79,Debit
TX-10036,15/12/2025,401000,Journal Entry - Tx 10036 Line 2,-10824.79,Credit
TX-10408,15/12/2025,601010,Journal Entry - Tx 10408 Line 1,13866.11,Debit
TX-10408,15/12/2025,402000,Journal Entry - Tx 10408 Line 2,-13866.11,Credit
TX-10289,16/12/2025,601010,Journal Entry - Tx 10289 Line 1,3650.41,Debit
TX-10289,16/12/2025,210000,Journal Entry - Tx 10289 Line 2,-3650.41,Credit
TX-10281,17/12/2025,102001,Journal Entry - Tx 10281 Line 1,13817.89,Debit
TX-10281,17/12/2025,402000,Journal Entry - Tx 10281 Line 2,-13817.89,Credit
TX-10434,17/12/2025,101000,Journal Entry - Tx 10434 Line 1,13691.1,Debit
TX-10434,17/12/2025,402000,Journal Entry - Tx 10434 Line 2,-13691.1,Credit
TX-10299,18/12/2025,101000,Journal Entry - Tx 10299 Line 1,11685.76,Debit
TX-10299,18/12/2025,401000,Journal Entry - Tx 10299 Line 2,-11685.76,Credit
TX-10226,19/12/2025,110000,Journal Entry - Tx 10226 Line 1,8927.48,Debit
TX-10226,19/12/2025,201000,Journal Entry - Tx 10226 Line 2,-8927.48,Credit
TX-10205,20/12/2025,102001,Journal Entry - Tx 10205 Line 1,2817.99,Debit
TX-10205,20/12/2025,402000,Journal Entry - Tx 10205 Line 2,-2817.99,Credit
TX-10328,20/12/2025,501000,Journal Entry - Tx 10328 Line 1,5589.42,Debit
TX-10328,20/12/2025,390000,Journal Entry - Tx 10328 Line 2,-5589.42,Credit
TX-10442,21/12/2025,102001,Journal Entry - Tx 10442 Line 1,11577.91,Debit
TX-10442,21/12/2025,402000,Journal Entry - Tx 10442 Line 2,-11577.91,Credit
TX-10284,22/12/2025,101000,Journal Entry - Tx 10284 Line 1,4527.02,Debit
TX-10284,22/12/2025,201000,Journal Entry - Tx 10284 Line 2,-4527.02,Credit
TX-10139,23/12/2025,501000,Journal Entry - Tx 10139 Line 1,5790.48,Debit
TX-10139,23/12/2025,210000,Journal Entry - Tx 10139 Line 2,-5790.48,Credit
TX-10481,23/12/2025,102001,Journal Entry - Tx 10481 Line 1,7204.04,Debit
TX-10481,23/12/2025,210000,Journal Entry - Tx 10481 Line 2,-7204.04,Credit
TX-10009,24/12/2025,110000,Journal Entry - Tx 10009 Line 1,6368.09,Debit
TX-10009,24/12/2025,210000,Journal Entry - Tx 10009 Line 2,-6368.09,Credit
TX-10211,24/12/2025,610000,Journal Entry - Tx 10211 Line 1,14164.14,Debit
TX-10211,24/12/2025,390000,Journal Entry - Tx 10211 Line 2,-14164.14,Credit
TX-10174,25/12/2025,110000,Journal Entry - Tx 10174 Line 1,3880.84,Debit
TX-10174,25/12/2025,210000,Journal Entry - Tx 10174 Line 2,-3880.84,Credit
TX-10020,26/12/2025,610000,Journal Entry - Tx 10020 Line 1,14052.99,Debit
TX-10020,26/12/2025,201000,Journal Entry - Tx 10020 Line 2,-14052.99,Credit
TX-10283,27/12/2025,501000,Journal Entry - Tx 10283 Line 1,13095.06,Debit
TX-10283,27/12/2025,210000,Journal Entry - Tx 10283 Line 2,-13095.06,Credit
TX-10098,28/12/2025,101000,Journal Entry - Tx 10098 Line 1,6443.92,Debit
TX-10098,28/12/2025,201000,Journal Entry - Tx 10098 Line 2,-6443.92,Credit
TX-10452,31/12/2025,101000,Journal Entry - Tx 10452 Line 1,12696.09,Debit
TX-10452,31/12/2025,301000,Journal Entry - Tx 10452 Line 2,-12696.09,Credit
FY26X-TX-10249,01/01/2026,601010,Journal Entry - Tx 10249 Line 1,12648.99,Debit
FY26X-TX-10249,01/01/2026,390000,Journal Entry - Tx 10249 Line 2,-12648.99,Credit
FY26X-TX-10470,01/01/2026,102001,Journal Entry - Tx 10470 Line 1,11828.99,Debit
FY26X-TX-10470,01/01/2026,401000,Journal Entry - Tx 10470 Line 2,-11828.99,Credit
FY26X-TX-10096,02/01/2026,102001,Journal Entry - Tx 10096 Line 1,6446.94,Debit
FY26X-TX-10096,02/01/2026,402000,Journal Entry - Tx 10096 Line 2,-6446.94,Credit
FY26X-TX-10264,02/01/2026,110000,Journal Entry - Tx 10264 Line 1,5476.40,Debit
FY26X-TX-10264,02/01/2026,401000,Journal Entry - Tx 10264 Line 2,-5476.40,Credit
FY26X-TX-10387,04/01/2026,102001,Journal Entry - Tx 10387 Line 1,3975.85,Debit
FY26X-TX-10387,04/01/2026,210000,Journal Entry - Tx 10387 Line 2,-3975.85,Credit
FY26X-TX-10067,08/01/2026,102001,Journal Entry - Tx 10067 Line 1,18606.71,Debit
FY26X-TX-10067,08/01/2026,210000,Journal Entry - Tx 10067 Line 2,-18606.71,Credit
FY26X-TX-10209,08/01/2026,102001,Journal Entry - Tx 10209 Line 1,13612.65,Debit
FY26X-TX-10209,08/01/2026,301000,Journal Entry - Tx 10209 Line 2,-13612.65,Credit
FY26X-TX-10256,08/01/2026,101000,Journal Entry - Tx 10256 Line 1,10631.88,Debit
FY26X-TX-10256,08/01/2026,210000,Journal Entry - Tx 10256 Line 2,-10631.88,Credit
FY26X-TX-10476,09/01/2026,101000,Journal Entry - Tx 10476 Line 1,6897.34,Debit
FY26X-TX-10476,09/01/2026,301000,Journal Entry - Tx 10476 Line 2,-6897.34,Credit
FY26X-TX-10169,10/01/2026,101000,Journal Entry - Tx 10169 Line 1,14397.32,Debit
FY26X-TX-10169,10/01/2026,301000,Journal Entry - Tx 10169 Line 2,-14397.32,Credit
FY26X-TX-10393,10/01/2026,101000,Journal Entry - Tx 10393 Line 1,8861.86,Debit
FY26X-TX-10393,10/01/2026,301000,Journal Entry - Tx 10393 Line 2,-8861.86,Credit
FY26X-TX-10053,11/01/2026,102001,Journal Entry - Tx 10053 Line 1,11321.88,Debit
FY26X-TX-10053,11/01/2026,401000,Journal Entry - Tx 10053 Line 2,-11321.88,Credit
FY26X-TX-10239,11/01/2026,610000,Journal Entry - Tx 10239 Line 1,19191.82,Debit
FY26X-TX-10239,11/01/2026,301000,Journal Entry - Tx 10239 Line 2,-19191.82,Credit
FY26X-TX-10396,11/01/2026,102001,Journal Entry - Tx 10396 Line 1,18553.20,Debit
FY26X-TX-10396,11/01/2026,401000,Journal Entry - Tx 10396 Line 2,-18553.20,Credit
FY26X-TX-10474,11/01/2026,501000,Journal Entry - Tx 10474 Line 1,7535.72,Debit
FY26X-TX-10474,11/01/2026,201000,Journal Entry - Tx 10474 Line 2,-7535.72,Credit
FY26X-TX-10112,13/01/2026,501000,Journal Entry - Tx 10112 Line 1,12694.40,Debit
FY26X-TX-10112,13/01/2026,301000,Journal Entry - Tx 10112 Line 2,-12694.40,Credit
FY26X-TX-10318,13/01/2026,601010,Journal Entry - Tx 10318 Line 1,11919.65,Debit
FY26X-TX-10318,13/01/2026,301000,Journal Entry - Tx 10318 Line 2,-11919.65,Credit
FY26X-TX-10371,14/01/2026,610000,Journal Entry - Tx 10371 Line 1,11717.72,Debit
FY26X-TX-10371,14/01/2026,402000,Journal Entry - Tx 10371 Line 2,-11717.72,Credit
FY26X-TX-10192,15/01/2026,110000,Journal Entry - Tx 10192 Line 1,9523.05,Debit
FY26X-TX-10192,15/01/2026,210000,Journal Entry - Tx 10192 Line 2,-9523.05,Credit
FY26X-TX-10171,16/01/2026,102001,Journal Entry - Tx 10171 Line 1,18235.78,Debit
FY26X-TX-10171,16/01/2026,201000,Journal Entry - Tx 10171 Line 2,-18235.78,Credit
FY26X-TX-10376,16/01/2026,601010,Journal Entry - Tx 10376 Line 1,1819.88,Debit
FY26X-TX-10376,16/01/2026,210000,Journal Entry - Tx 10376 Line 2,-1819.88,Credit
FY26X-TX-10025,17/01/2026,501000,Journal Entry - Tx 10025 Line 1,15469.35,Debit
FY26X-TX-10025,17/01/2026,301000,Journal Entry - Tx 10025 Line 2,-15469.35,Credit
FY26X-TX-10280,19/01/2026,102001,Journal Entry - Tx 10280 Line 1,11879.71,Debit
FY26X-TX-10280,19/01/2026,402000,Journal Entry - Tx 10280 Line 2,-11879.71,Credit
FY26X-TX-10460,20/01/2026,501000,Journal Entry - Tx 10460 Line 1,5553.73,Debit
FY26X-TX-10460,20/01/2026,402000,Journal Entry - Tx 10460 Line 2,-5553.73,Credit
FY26X-TX-10120,23/01/2026,101000,Journal Entry - Tx 10120 Line 1,13627.32,Debit
FY26X-TX-10120,23/01/2026,401000,Journal Entry - Tx 10120 Line 2,-13627.32,Credit
FY26X-TX-10479,23/01/2026,110000,Journal Entry - Tx 10479 Line 1,6805.59,Debit
FY26X-TX-10479,23/01/2026,402000,Journal Entry - Tx 10479 Line 2,-6805.59,Credit
FY26X-TX-10016,24/01/2026,110000,Journal Entry - Tx 10016 Line 1,12717.94,Debit
FY26X-TX-10016,24/01/2026,201000,Journal Entry - Tx 10016 Line 2,-12717.94,Credit
FY26X-TX-10210,24/01/2026,601010,Journal Entry - Tx 10210 Line 1,18708.11,Debit
FY26X-TX-10210,24/01/2026,301000,Journal Entry - Tx 10210 Line 2,-18708.11,Credit
FY26X-TX-10386,24/01/2026,601010,Journal Entry - Tx 10386 Line 1,4283.84,Debit
FY26X-TX-10386,24/01/2026,201000,Journal Entry - Tx 10386 Line 2,-4283.84,Credit
FY26X-TX-10075,26/01/2026,601010,Journal Entry - Tx 10075 Line 1,11242.83,Debit
FY26X-TX-10075,26/01/2026,401000,Journal Entry - Tx 10075 Line 2,-11242.83,Credit
FY26X-TX-10166,26/01/2026,110000,Journal Entry - Tx 10166 Line 1,5042.36,Debit
FY26X-TX-10166,26/01/2026,210000,Journal Entry - Tx 10166 Line 2,-5042.36,Credit
FY26X-TX-10214,27/01/2026,501000,Journal Entry - Tx 10214 Line 1,4895.42,Debit
FY26X-TX-10214,27/01/2026,201000,Journal Entry - Tx 10214 Line 2,-4895.42,Credit
FY26X-TX-10252,27/01/2026,601010,Journal Entry - Tx 10252 Line 1,3959.30,Debit
FY26X-TX-10252,27/01/2026,210000,Journal Entry - Tx 10252 Line 2,-3959.30,Credit
FY26X-TX-10365,27/01/2026,601010,Journal Entry - Tx 10365 Line 1,18595.28,Debit
FY26X-TX-10365,27/01/2026,301000,Journal Entry - Tx 10365 Line 2,-18595.28,Credit
FY26X-TX-10061,28/01/2026,610000,Journal Entry - Tx 10061 Line 1,12949.50,Debit
FY26X-TX-10061,28/01/2026,201000,Journal Entry - Tx 10061 Line 2,-12949.50,Credit
FY26X-TX-10412,29/01/2026,101000,Journal Entry - Tx 10412 Line 1,6798.77,Debit
FY26X-TX-10412,29/01/2026,301000,Journal Entry - Tx 10412 Line 2,-6798.77,Credit
FY26X-TX-10045,30/01/2026,601010,Journal Entry - Tx 10045 Line 1,4673.32,Debit
FY26X-TX-10045,30/01/2026,201000,Journal Entry - Tx 10045 Line 2,-4673.32,Credit
FY26X-TX-10055,31/01/2026,101000,Journal Entry - Tx 10055 Line 1,4445.03,Debit
FY26X-TX-10055,31/01/2026,301000,Journal Entry - Tx 10055 Line 2,-4445.03,Credit
FY26X-TX-10069,31/01/2026,101000,Journal Entry - Tx 10069 Line 1,3214.49,Debit
FY26X-TX-10069,31/01/2026,390000,Journal Entry - Tx 10069 Line 2,-3214.49,Credit
FY26X-TX-10062,01/02/2026,110000,Journal Entry - Tx 10062 Line 1,7768.56,Debit
FY26X-TX-10062,01/02/2026,201000,Journal Entry - Tx 10062 Line 2,-7768.56,Credit
FY26X-TX-10155,01/02/2026,501000,Journal Entry - Tx 10155 Line 1,4021.98,Debit
FY26X-TX-10155,01/02/2026,390000,Journal Entry - Tx 10155 Line 2,-4021.98,Credit
FY26X-TX-10331,01/02/2026,102001,Journal Entry - Tx 10331 Line 1,7682.80,Debit
FY26X-TX-10331,01/02/2026,201000,Journal Entry - Tx 10331 Line 2,-7682.80,Credit
FY26X-TX-10344,02/02/2026,110000,Journal Entry - Tx 10344 Line 1,9177.45,Debit
FY26X-TX-10344,02/02/2026,401000,Journal Entry - Tx 10344 Line 2,-9177.45,Credit
FY26X-TX-10467,02/02/2026,501000,Journal Entry - Tx 10467 Line 1,2185.38,Debit
FY26X-TX-10467,02/02/2026,401000,Journal Entry - Tx 10467 Line 2,-2185.38,Credit
FY26X-TX-10482,02/02/2026,501000,Journal Entry - Tx 10482 Line 1,13766.23,Debit
FY26X-TX-10482,02/02/2026,201000,Journal Entry - Tx 10482 Line 2,-13766.23,Credit
FY26X-TX-10026,03/02/2026,601010,Journal Entry - Tx 10026 Line 1,4101.36,Debit
FY26X-TX-10026,03/02/2026,402000,Journal Entry - Tx 10026 Line 2,-4101.36,Credit
FY26X-TX-10215,03/02/2026,101000,Journal Entry - Tx 10215 Line 1,7731.94,Debit
FY26X-TX-10215,03/02/2026,401000,Journal Entry - Tx 10215 Line 2,-7731.94,Credit
FY26X-TX-10183,05/02/2026,110000,Journal Entry - Tx 10183 Line 1,9746.06,Debit
FY26X-TX-10183,05/02/2026,201000,Journal Entry - Tx 10183 Line 2,-9746.06,Credit
FY26X-TX-10056,06/02/2026,110000,Journal Entry - Tx 10056 Line 1,9902.89,Debit
FY26X-TX-10056,06/02/2026,402000,Journal Entry - Tx 10056 Line 2,-9902.89,Credit
FY26X-TX-10084,07/02/2026,601010,Journal Entry - Tx 10084 Line 1,242.27,Debit
FY26X-TX-10084,07/02/2026,401000,Journal Entry - Tx 10084 Line 2,-242.27,Credit
FY26X-TX-10099,08/02/2026,610000,Journal Entry - Tx 10099 Line 1,18148.49,Debit
FY26X-TX-10099,08/02/2026,210000,Journal Entry - Tx 10099 Line 2,-18148.49,Credit
FY26X-TX-10225,08/02/2026,501000,Journal Entry - Tx 10225 Line 1,3059.40,Debit
FY26X-TX-10225,08/02/2026,390000,Journal Entry - Tx 10225 Line 2,-3059.40,Credit
FY26X-TX-10276,08/02/2026,110000,Journal Entry - Tx 10276 Line 1,9048.17,Debit
FY26X-TX-10276,08/02/2026,301000,Journal Entry - Tx 10276 Line 2,-9048.17,Credit
FY26X-TX-10438,09/02/2026,101000,Journal Entry - Tx 10438 Line 1,5724.28,Debit
FY26X-TX-10438,09/02/2026,401000,Journal Entry - Tx 10438 Line 2,-5724.28,Credit
FY26X-TX-10224,11/02/2026,102001,Journal Entry - Tx 10224 Line 1,3069.44,Debit
FY26X-TX-10224,11/02/2026,401000,Journal Entry - Tx 10224 Line 2,-3069.44,Credit
FY26X-TX-10236,11/02/2026,501000,Journal Entry - Tx 10236 Line 1,11508.03,Debit
FY26X-TX-10236,11/02/2026,402000,Journal Entry - Tx 10236 Line 2,-11508.03,Credit
FY26X-TX-10350,11/02/2026,102001,Journal Entry - Tx 10350 Line 1,6227.93,Debit
FY26X-TX-10350,11/02/2026,201000,Journal Entry - Tx 10350 Line 2,-6227.93,Credit
FY26X-TX-10381,11/02/2026,610000,Journal Entry - Tx 10381 Line 1,5270.96,Debit
FY26X-TX-10381,11/02/2026,390000,Journal Entry - Tx 10381 Line 2,-5270.96,Credit
FY26X-TX-10453,12/02/2026,110000,Journal Entry - Tx 10453 Line 1,14667.01,Debit
FY26X-TX-10453,12/02/2026,390000,Journal Entry - Tx 10453 Line 2,-14667.01,Credit
FY26X-TX-10046,13/02/2026,101000,Journal Entry - Tx 10046 Line 1,14069.79,Debit
FY26X-TX-10046,13/02/2026,401000,Journal Entry - Tx 10046 Line 2,-14069.79,Credit
FY26X-TX-10432,13/02/2026,501000,Journal Entry - Tx 10432 Line 1,5988.16,Debit
FY26X-TX-10432,13/02/2026,402000,Journal Entry - Tx 10432 Line 2,-5988.16,Credit
FY26X-TX-10282,16/02/2026,101000,Journal Entry - Tx 10282 Line 1,8368.47,Debit
FY26X-TX-10282,16/02/2026,402000,Journal Entry - Tx 10282 Line 2,-8368.47,Credit
FY26X-TX-10314,16/02/2026,101000,Journal Entry - Tx 10314 Line 1,15194.50,Debit
FY26X-TX-10314,16/02/2026,301000,Journal Entry - Tx 10314 Line 2,-15194.50,Credit
FY26X-TX-10011,17/02/2026,110000,Journal Entry - Tx 10011 Line 1,7334.28,Debit
FY26X-TX-10011,17/02/2026,301000,Journal Entry - Tx 10011 Line 2,-7334.28,Credit
FY26X-TX-10358,18/02/2026,110000,Journal Entry - Tx 10358 Line 1,6044.93,Debit
FY26X-TX-10358,18/02/2026,402000,Journal Entry - Tx 10358 Line 2,-6044.93,Credit
FY26X-TX-10304,19/02/2026,610000,Journal Entry - Tx 10304 Line 1,17351.54,Debit
FY26X-TX-10304,19/02/2026,201000,Journal Entry - Tx 10304 Line 2,-17351.54,Credit
FY26X-TX-10085,21/02/2026,102001,Journal Entry - Tx 10085 Line 1,1465.92,Debit
FY26X-TX-10085,21/02/2026,401000,Journal Entry - Tx 10085 Line 2,-1465.92,Credit
FY26X-TX-10274,21/02/2026,501000,Journal Entry - Tx 10274 Line 1,10128.60,Debit
FY26X-TX-10274,21/02/2026,201000,Journal Entry - Tx 10274 Line 2,-10128.60,Credit
FY26X-TX-10212,22/02/2026,601010,Journal Entry - Tx 10212 Line 1,16764.36,Debit
FY26X-TX-10212,22/02/2026,301000,Journal Entry - Tx 10212 Line 2,-16764.36,Credit
FY26X-TX-10040,24/02/2026,110000,Journal Entry - Tx 10040 Line 1,16722.24,Debit
FY26X-TX-10040,24/02/2026,402000,Journal Entry - Tx 10040 Line 2,-16722.24,Credit
FY26X-TX-10117,25/02/2026,110000,Journal Entry - Tx 10117 Line 1,11479.99,Debit
FY26X-TX-10117,25/02/2026,402000,Journal Entry - Tx 10117 Line 2,-11479.99,Credit
FY26X-TX-10177,25/02/2026,110000,Journal Entry - Tx 10177 Line 1,11137.72,Debit
FY26X-TX-10177,25/02/2026,401000,Journal Entry - Tx 10177 Line 2,-11137.72,Credit
FY26X-TX-10349,25/02/2026,501000,Journal Entry - Tx 10349 Line 1,9445.79,Debit
FY26X-TX-10349,25/02/2026,201000,Journal Entry - Tx 10349 Line 2,-9445.79,Credit
FY26X-TX-10176,28/02/2026,102001,Journal Entry - Tx 10176 Line 1,14947.83,Debit
FY26X-TX-10176,28/02/2026,301000,Journal Entry - Tx 10176 Line 2,-14947.83,Credit
FY26X-TX-10230,28/02/2026,610000,Journal Entry - Tx 10230 Line 1,10484.75,Debit
FY26X-TX-10230,28/02/2026,210000,Journal Entry - Tx 10230 Line 2,-10484.75,Credit
FY26X-TX-10257,28/02/2026,101000,Journal Entry - Tx 10257 Line 1,8894.27,Debit
FY26X-TX-10257,28/02/2026,402000,Journal Entry - Tx 10257 Line 2,-8894.27,Credit
FY26X-TX-10091,01/03/2026,610000,Journal Entry - Tx 10091 Line 1,17089.54,Debit
FY26X-TX-10091,01/03/2026,401000,Journal Entry - Tx 10091 Line 2,-17089.54,Credit
FY26X-TX-10248,01/03/2026,501000,Journal Entry - Tx 10248 Line 1,18629.45,Debit
FY26X-TX-10248,01/03/2026,401000,Journal Entry - Tx 10248 Line 2,-18629.45,Credit
FY26X-TX-10218,02/03/2026,501000,Journal Entry - Tx 10218 Line 1,10743.28,Debit
FY26X-TX-10218,02/03/2026,401000,Journal Entry - Tx 10218 Line 2,-10743.28,Credit
FY26X-TX-10052,03/03/2026,101000,Journal Entry - Tx 10052 Line 1,4807.92,Debit
FY26X-TX-10052,03/03/2026,301000,Journal Entry - Tx 10052 Line 2,-4807.92,Credit
FY26X-TX-10254,04/03/2026,610000,Journal Entry - Tx 10254 Line 1,616.45,Debit
FY26X-TX-10254,04/03/2026,401000,Journal Entry - Tx 10254 Line 2,-616.45,Credit
FY26X-TX-10047,06/03/2026,501000,Journal Entry - Tx 10047 Line 1,2520.90,Debit
FY26X-TX-10047,06/03/2026,401000,Journal Entry - Tx 10047 Line 2,-2520.90,Credit
FY26X-TX-10343,06/03/2026,601010,Journal Entry - Tx 10343 Line 1,14257.51,Debit
FY26X-TX-10343,06/03/2026,201000,Journal Entry - Tx 10343 Line 2,-14257.51,Credit
FY26X-TX-10351,06/03/2026,610000,Journal Entry - Tx 10351 Line 1,5326.71,Debit
FY26X-TX-10351,06/03/2026,401000,Journal Entry - Tx 10351 Line 2,-5326.71,Credit
FY26X-TX-10362,08/03/2026,601010,Journal Entry - Tx 10362 Line 1,10710.71,Debit
FY26X-TX-10362,08/03/2026,401000,Journal Entry - Tx 10362 Line 2,-10710.71,Credit
FY26X-TX-10308,09/03/2026,110000,Journal Entry - Tx 10308 Line 1,15114.71,Debit
FY26X-TX-10308,09/03/2026,401000,Journal Entry - Tx 10308 Line 2,-15114.71,Credit
FY26X-TX-10262,11/03/2026,110000,Journal Entry - Tx 10262 Line 1,16598.02,Debit
FY26X-TX-10262,11/03/2026,390000,Journal Entry - Tx 10262 Line 2,-16598.02,Credit
FY26X-TX-10152,12/03/2026,501000,Journal Entry - Tx 10152 Line 1,2950.30,Debit
FY26X-TX-10152,12/03/2026,402000,Journal Entry - Tx 10152 Line 2,-2950.30,Credit
FY26X-TX-10450,12/03/2026,101000,Journal Entry - Tx 10450 Line 1,16769.77,Debit
FY26X-TX-10450,12/03/2026,402000,Journal Entry - Tx 10450 Line 2,-16769.77,Credit
FY26X-TX-10064,13/03/2026,110000,Journal Entry - Tx 10064 Line 1,8137.13,Debit
FY26X-TX-10064,13/03/2026,390000,Journal Entry - Tx 10064 Line 2,-8137.13,Credit
FY26X-TX-10461,13/03/2026,501000,Journal Entry - Tx 10461 Line 1,14585.19,Debit
FY26X-TX-10461,13/03/2026,390000,Journal Entry - Tx 10461 Line 2,-14585.19,Credit
FY26X-TX-10312,14/03/2026,102001,Journal Entry - Tx 10312 Line 1,14495.44,Debit
FY26X-TX-10312,14/03/2026,402000,Journal Entry - Tx 10312 Line 2,-14495.44,Credit
FY26X-TX-10275,15/03/2026,610000,Journal Entry - Tx 10275 Line 1,7909.35,Debit
FY26X-TX-10275,15/03/2026,210000,Journal Entry - Tx 10275 Line 2,-7909.35,Credit
FY26X-TX-10404,16/03/2026,102001,Journal Entry - Tx 10404 Line 1,4962.20,Debit
FY26X-TX-10404,16/03/2026,401000,Journal Entry - Tx 10404 Line 2,-4962.20,Credit
FY26X-TX-10136,17/03/2026,102001,Journal Entry - Tx 10136 Line 1,531.40,Debit
FY26X-TX-10136,17/03/2026,390000,Journal Entry - Tx 10136 Line 2,-531.40,Credit
FY26X-TX-10140,17/03/2026,101000,Journal Entry - Tx 10140 Line 1,12618.33,Debit
FY26X-TX-10140,17/03/2026,201000,Journal Entry - Tx 10140 Line 2,-12618.33,Credit
FY26X-TX-10337,17/03/2026,601010,Journal Entry - Tx 10337 Line 1,15155.48,Debit
FY26X-TX-10337,17/03/2026,201000,Journal Entry - Tx 10337 Line 2,-15155.48,Credit
FY26X-TX-10419,19/03/2026,501000,Journal Entry - Tx 10419 Line 1,18390.98,Debit
FY26X-TX-10419,19/03/2026,201000,Journal Entry - Tx 10419 Line 2,-18390.98,Credit
FY26X-TX-10033,20/03/2026,610000,Journal Entry - Tx 10033 Line 1,12070.81,Debit
FY26X-TX-10033,20/03/2026,390000,Journal Entry - Tx 10033 Line 2,-12070.81,Credit
FY26X-TX-10153,20/03/2026,101000,Journal Entry - Tx 10153 Line 1,13582.04,Debit
FY26X-TX-10153,20/03/2026,390000,Journal Entry - Tx 10153 Line 2,-13582.04,Credit
FY26X-TX-10186,20/03/2026,610000,Journal Entry - Tx 10186 Line 1,8397.48,Debit
FY26X-TX-10186,20/03/2026,401000,Journal Entry - Tx 10186 Line 2,-8397.48,Credit
FY26X-TX-10258,20/03/2026,610000,Journal Entry - Tx 10258 Line 1,9600.91,Debit
FY26X-TX-10258,20/03/2026,301000,Journal Entry - Tx 10258 Line 2,-9600.91,Credit
FY26X-TX-10405,20/03/2026,610000,Journal Entry - Tx 10405 Line 1,14611.48,Debit
FY26X-TX-10405,20/03/2026,201000,Journal Entry - Tx 10405 Line 2,-14611.48,Credit
FY26X-TX-10092,21/03/2026,601010,Journal Entry - Tx 10092 Line 1,5275.66,Debit
FY26X-TX-10092,21/03/2026,210000,Journal Entry - Tx 10092 Line 2,-5275.66,Credit
FY26X-TX-10105,21/03/2026,102001,Journal Entry - Tx 10105 Line 1,17779.42,Debit
FY26X-TX-10105,21/03/2026,210000,Journal Entry - Tx 10105 Line 2,-17779.42,Credit
FY26X-TX-10326,21/03/2026,610000,Journal Entry - Tx 10326 Line 1,17007.28,Debit
FY26X-TX-10326,21/03/2026,201000,Journal Entry - Tx 10326 Line 2,-17007.28,Credit
FY26X-TX-10367,21/03/2026,102001,Journal Entry - Tx 10367 Line 1,12631.31,Debit
FY26X-TX-10367,21/03/2026,201000,Journal Entry - Tx 10367 Line 2,-12631.31,Credit
FY26X-TX-10076,22/03/2026,601010,Journal Entry - Tx 10076 Line 1,1152.45,Debit
FY26X-TX-10076,22/03/2026,201000,Journal Entry - Tx 10076 Line 2,-1152.45,Credit
FY26X-TX-10380,22/03/2026,101000,Journal Entry - Tx 10380 Line 1,14500.89,Debit
FY26X-TX-10380,22/03/2026,402000,Journal Entry - Tx 10380 Line 2,-14500.89,Credit
FY26X-TX-10147,23/03/2026,501000,Journal Entry - Tx 10147 Line 1,14294.59,Debit
FY26X-TX-10147,23/03/2026,390000,Journal Entry - Tx 10147 Line 2,-14294.59,Credit
FY26X-TX-10042,24/03/2026,601010,Journal Entry - Tx 10042 Line 1,10385.56,Debit
FY26X-TX-10042,24/03/2026,201000,Journal Entry - Tx 10042 Line 2,-10385.56,Credit
FY26X-TX-10048,26/03/2026,601010,Journal Entry - Tx 10048 Line 1,5136.13,Debit
FY26X-TX-10048,26/03/2026,390000,Journal Entry - Tx 10048 Line 2,-5136.13,Credit
FY26X-TX-10162,26/03/2026,102001,Journal Entry - Tx 10162 Line 1,16147.92,Debit
FY26X-TX-10162,26/03/2026,401000,Journal Entry - Tx 10162 Line 2,-16147.92,Credit
FY26X-TX-10232,26/03/2026,601010,Journal Entry - Tx 10232 Line 1,15231.74,Debit
FY26X-TX-10232,26/03/2026,402000,Journal Entry - Tx 10232 Line 2,-15231.74,Credit
FY26X-TX-10133,28/03/2026,110000,Journal Entry - Tx 10133 Line 1,12671.77,Debit
FY26X-TX-10133,28/03/2026,401000,Journal Entry - Tx 10133 Line 2,-12671.77,Credit
FY26X-TX-10401,28/03/2026,610000,Journal Entry - Tx 10401 Line 1,1525.59,Debit
FY26X-TX-10401,28/03/2026,201000,Journal Entry - Tx 10401 Line 2,-1525.59,Credit
FY26X-TX-10128,31/03/2026,110000,Journal Entry - Tx 10128 Line 1,11842.50,Debit
FY26X-TX-10128,31/03/2026,390000,Journal Entry - Tx 10128 Line 2,-11842.50,Credit
FY26X-TX-10288,31/03/2026,501000,Journal Entry - Tx 10288 Line 1,1575.14,Debit
FY26X-TX-10288,31/03/2026,401000,Journal Entry - Tx 10288 Line 2,-1575.14,Credit
FY26X-TX-10480,31/03/2026,610000,Journal Entry - Tx 10480 Line 1,15954.23,Debit
FY26X-TX-10480,31/03/2026,390000,Journal Entry - Tx 10480 Line 2,-15954.23,Credit
FY26X-TX-10106,01/04/2026,101000,Journal Entry - Tx 10106 Line 1,16930.78,Debit
FY26X-TX-10106,01/04/2026,210000,Journal Entry - Tx 10106 Line 2,-16930.78,Credit
FY26X-TX-10406,01/04/2026,610000,Journal Entry - Tx 10406 Line 1,18267.93,Debit
FY26X-TX-10406,01/04/2026,390000,Journal Entry - Tx 10406 Line 2,-18267.93,Credit
FY26X-TX-10116,02/04/2026,110000,Journal Entry - Tx 10116 Line 1,11174.17,Debit
FY26X-TX-10116,02/04/2026,201000,Journal Entry - Tx 10116 Line 2,-11174.17,Credit
FY26X-TX-10374,03/04/2026,601010,Journal Entry - Tx 10374 Line 1,16709.70,Debit
FY26X-TX-10374,03/04/2026,402000,Journal Entry - Tx 10374 Line 2,-16709.70,Credit
FY26X-TX-10077,06/04/2026,101000,Journal Entry - Tx 10077 Line 1,1375.22,Debit
FY26X-TX-10077,06/04/2026,402000,Journal Entry - Tx 10077 Line 2,-1375.22,Credit
FY26X-TX-10489,06/04/2026,501000,Journal Entry - Tx 10489 Line 1,9559.35,Debit
FY26X-TX-10489,06/04/2026,301000,Journal Entry - Tx 10489 Line 2,-9559.35,Credit
FY26X-TX-10418,07/04/2026,501000,Journal Entry - Tx 10418 Line 1,6216.74,Debit
FY26X-TX-10418,07/04/2026,401000,Journal Entry - Tx 10418 Line 2,-6216.74,Credit
FY26X-TX-10302,08/04/2026,610000,Journal Entry - Tx 10302 Line 1,11945.37,Debit
FY26X-TX-10302,08/04/2026,402000,Journal Entry - Tx 10302 Line 2,-11945.37,Credit
FY26X-TX-10486,08/04/2026,101000,Journal Entry - Tx 10486 Line 1,5539.02,Debit
FY26X-TX-10486,08/04/2026,402000,Journal Entry - Tx 10486 Line 2,-5539.02,Credit
FY26X-TX-10127,09/04/2026,501000,Journal Entry - Tx 10127 Line 1,8109.66,Debit
FY26X-TX-10127,09/04/2026,402000,Journal Entry - Tx 10127 Line 2,-8109.66,Credit
FY26X-TX-10204,09/04/2026,610000,Journal Entry - Tx 10204 Line 1,6102.32,Debit
FY26X-TX-10204,09/04/2026,401000,Journal Entry - Tx 10204 Line 2,-6102.32,Credit
FY26X-TX-10179,12/04/2026,610000,Journal Entry - Tx 10179 Line 1,1518.27,Debit
FY26X-TX-10179,12/04/2026,402000,Journal Entry - Tx 10179 Line 2,-1518.27,Credit
FY26X-TX-10295,12/04/2026,501000,Journal Entry - Tx 10295 Line 1,19188.01,Debit
FY26X-TX-10295,12/04/2026,201000,Journal Entry - Tx 10295 Line 2,-19188.01,Credit
FY26X-TX-10050,13/04/2026,501000,Journal Entry - Tx 10050 Line 1,13707.00,Debit
FY26X-TX-10050,13/04/2026,402000,Journal Entry - Tx 10050 Line 2,-13707.00,Credit
FY26X-TX-10110,13/04/2026,501000,Journal Entry - Tx 10110 Line 1,15690.20,Debit
FY26X-TX-10110,13/04/2026,301000,Journal Entry - Tx 10110 Line 2,-15690.20,Credit
FY26X-TX-10335,16/04/2026,601010,Journal Entry - Tx 10335 Line 1,1376.92,Debit
FY26X-TX-10335,16/04/2026,210000,Journal Entry - Tx 10335 Line 2,-1376.92,Credit
FY26X-TX-10223,17/04/2026,110000,Journal Entry - Tx 10223 Line 1,12033.86,Debit
FY26X-TX-10223,17/04/2026,402000,Journal Entry - Tx 10223 Line 2,-12033.86,Credit
FY26X-TX-10103,18/04/2026,610000,Journal Entry - Tx 10103 Line 1,13116.03,Debit
FY26X-TX-10103,18/04/2026,201000,Journal Entry - Tx 10103 Line 2,-13116.03,Credit
FY26X-TX-10130,18/04/2026,601010,Journal Entry - Tx 10130 Line 1,8290.34,Debit
FY26X-TX-10130,18/04/2026,401000,Journal Entry - Tx 10130 Line 2,-8290.34,Credit
FY26X-TX-10049,19/04/2026,610000,Journal Entry - Tx 10049 Line 1,17839.69,Debit
FY26X-TX-10049,19/04/2026,402000,Journal Entry - Tx 10049 Line 2,-17839.69,Credit
FY26X-TX-10010,21/04/2026,110000,Journal Entry - Tx 10010 Line 1,18381.24,Debit
FY26X-TX-10010,21/04/2026,201000,Journal Entry - Tx 10010 Line 2,-18381.24,Credit
FY26X-TX-10356,21/04/2026,102001,Journal Entry - Tx 10356 Line 1,8293.82,Debit
FY26X-TX-10356,21/04/2026,390000,Journal Entry - Tx 10356 Line 2,-8293.82,Credit
FY26X-TX-10383,21/04/2026,101000,Journal Entry - Tx 10383 Line 1,14510.59,Debit
FY26X-TX-10383,21/04/2026,301000,Journal Entry - Tx 10383 Line 2,-14510.59,Credit
FY26X-TX-10005,22/04/2026,601010,Journal Entry - Tx 10005 Line 1,4516.20,Debit
FY26X-TX-10005,22/04/2026,201000,Journal Entry - Tx 10005 Line 2,-4516.20,Credit
FY26X-TX-10054,23/04/2026,610000,Journal Entry - Tx 10054 Line 1,201.60,Debit
FY26X-TX-10054,23/04/2026,402000,Journal Entry - Tx 10054 Line 2,-201.60,Credit
FY26X-TX-10160,23/04/2026,501000,Journal Entry - Tx 10160 Line 1,5286.89,Debit
FY26X-TX-10160,23/04/2026,201000,Journal Entry - Tx 10160 Line 2,-5286.89,Credit
FY26X-TX-10455,24/04/2026,110000,Journal Entry - Tx 10455 Line 1,15692.43,Debit
FY26X-TX-10455,24/04/2026,201000,Journal Entry - Tx 10455 Line 2,-15692.43,Credit
FY26X-TX-10170,25/04/2026,610000,Journal Entry - Tx 10170 Line 1,12505.15,Debit
FY26X-TX-10170,25/04/2026,201000,Journal Entry - Tx 10170 Line 2,-12505.15,Credit
FY26X-TX-10458,25/04/2026,101000,Journal Entry - Tx 10458 Line 1,603.39,Debit
FY26X-TX-10458,25/04/2026,402000,Journal Entry - Tx 10458 Line 2,-603.39,Credit
FY26X-TX-10238,28/04/2026,601010,Journal Entry - Tx 10238 Line 1,18471.13,Debit
FY26X-TX-10238,28/04/2026,401000,Journal Entry - Tx 10238 Line 2,-18471.13,Credit
FY26X-TX-10227,29/04/2026,110000,Journal Entry - Tx 10227 Line 1,5577.18,Debit
FY26X-TX-10227,29/04/2026,402000,Journal Entry - Tx 10227 Line 2,-5577.18,Credit
FY26X-TX-10290,29/04/2026,110000,Journal Entry - Tx 10290 Line 1,8888.56,Debit
FY26X-TX-10290,29/04/2026,390000,Journal Entry - Tx 10290 Line 2,-8888.56,Credit
FY26X-TX-10017,30/04/2026,501000,Journal Entry - Tx 10017 Line 1,16645.03,Debit
FY26X-TX-10017,30/04/2026,301000,Journal Entry - Tx 10017 Line 2,-16645.03,Credit
FY26X-TX-10078,01/05/2026,601010,Journal Entry - Tx 10078 Line 1,7790.64,Debit
FY26X-TX-10078,01/05/2026,210000,Journal Entry - Tx 10078 Line 2,-7790.64,Credit
FY26X-TX-10135,01/05/2026,102001,Journal Entry - Tx 10135 Line 1,12938.62,Debit
FY26X-TX-10135,01/05/2026,210000,Journal Entry - Tx 10135 Line 2,-12938.62,Credit
FY26X-TX-10323,01/05/2026,102001,Journal Entry - Tx 10323 Line 1,17042.60,Debit
FY26X-TX-10323,01/05/2026,390000,Journal Entry - Tx 10323 Line 2,-17042.60,Credit
FY26X-TX-10329,01/05/2026,101000,Journal Entry - Tx 10329 Line 1,16433.89,Debit
FY26X-TX-10329,01/05/2026,402000,Journal Entry - Tx 10329 Line 2,-16433.89,Credit
FY26X-TX-10457,01/05/2026,101000,Journal Entry - Tx 10457 Line 1,7453.67,Debit
FY26X-TX-10457,01/05/2026,301000,Journal Entry - Tx 10457 Line 2,-7453.67,Credit
FY26X-TX-10296,02/05/2026,110000,Journal Entry - Tx 10296 Line 1,7361.79,Debit
FY26X-TX-10296,02/05/2026,401000,Journal Entry - Tx 10296 Line 2,-7361.79,Credit
FY26X-TX-10444,02/05/2026,601010,Journal Entry - Tx 10444 Line 1,18618.05,Debit
FY26X-TX-10444,02/05/2026,301000,Journal Entry - Tx 10444 Line 2,-18618.05,Credit
FY26X-TX-10465,02/05/2026,101000,Journal Entry - Tx 10465 Line 1,5826.83,Debit
FY26X-TX-10465,02/05/2026,210000,Journal Entry - Tx 10465 Line 2,-5826.83,Credit
FY26X-TX-10255,03/05/2026,110000,Journal Entry - Tx 10255 Line 1,13646.40,Debit
FY26X-TX-10255,03/05/2026,401000,Journal Entry - Tx 10255 Line 2,-13646.40,Credit
FY26X-TX-10196,04/05/2026,501000,Journal Entry - Tx 10196 Line 1,13843.35,Debit
FY26X-TX-10196,04/05/2026,401000,Journal Entry - Tx 10196 Line 2,-13843.35,Credit
FY26X-TX-10197,04/05/2026,610000,Journal Entry - Tx 10197 Line 1,13279.50,Debit
FY26X-TX-10197,04/05/2026,402000,Journal Entry - Tx 10197 Line 2,-13279.50,Credit
FY26X-TX-10469,04/05/2026,110000,Journal Entry - Tx 10469 Line 1,13814.07,Debit
FY26X-TX-10469,04/05/2026,390000,Journal Entry - Tx 10469 Line 2,-13814.07,Credit
FY26X-TX-10477,04/05/2026,610000,Journal Entry - Tx 10477 Line 1,14089.56,Debit
FY26X-TX-10477,04/05/2026,201000,Journal Entry - Tx 10477 Line 2,-14089.56,Credit
FY26X-TX-10180,05/05/2026,110000,Journal Entry - Tx 10180 Line 1,2013.98,Debit
FY26X-TX-10180,05/05/2026,402000,Journal Entry - Tx 10180 Line 2,-2013.98,Credit
FY26X-TX-10002,06/05/2026,610000,Journal Entry - Tx 10002 Line 1,4335.36,Debit
FY26X-TX-10002,06/05/2026,201000,Journal Entry - Tx 10002 Line 2,-4335.36,Credit
FY26X-TX-10022,06/05/2026,501000,Journal Entry - Tx 10022 Line 1,3190.87,Debit
FY26X-TX-10022,06/05/2026,301000,Journal Entry - Tx 10022 Line 2,-3190.87,Credit
FY26X-TX-10087,06/05/2026,102001,Journal Entry - Tx 10087 Line 1,7135.27,Debit
FY26X-TX-10087,06/05/2026,390000,Journal Entry - Tx 10087 Line 2,-7135.27,Credit
FY26X-TX-10029,07/05/2026,601010,Journal Entry - Tx 10029 Line 1,14320.12,Debit
FY26X-TX-10029,07/05/2026,301000,Journal Entry - Tx 10029 Line 2,-14320.12,Credit
FY26X-TX-10063,08/05/2026,601010,Journal Entry - Tx 10063 Line 1,3730.27,Debit
FY26X-TX-10063,08/05/2026,390000,Journal Entry - Tx 10063 Line 2,-3730.27,Credit
FY26X-TX-10065,08/05/2026,101000,Journal Entry - Tx 10065 Line 1,16798.17,Debit
FY26X-TX-10065,08/05/2026,390000,Journal Entry - Tx 10065 Line 2,-16798.17,Credit
FY26X-TX-10108,08/05/2026,610000,Journal Entry - Tx 10108 Line 1,5169.60,Debit
FY26X-TX-10108,08/05/2026,201000,Journal Entry - Tx 10108 Line 2,-5169.60,Credit
FY26X-TX-10291,11/05/2026,501000,Journal Entry - Tx 10291 Line 1,12824.67,Debit
FY26X-TX-10291,11/05/2026,301000,Journal Entry - Tx 10291 Line 2,-12824.67,Credit
FY26X-TX-10359,11/05/2026,102001,Journal Entry - Tx 10359 Line 1,7226.62,Debit
FY26X-TX-10359,11/05/2026,402000,Journal Entry - Tx 10359 Line 2,-7226.62,Credit
FY26X-TX-10388,11/05/2026,101000,Journal Entry - Tx 10388 Line 1,5602.85,Debit
FY26X-TX-10388,11/05/2026,201000,Journal Entry - Tx 10388 Line 2,-5602.85,Credit
FY26X-TX-10463,12/05/2026,102001,Journal Entry - Tx 10463 Line 1,4190.77,Debit
FY26X-TX-10463,12/05/2026,401000,Journal Entry - Tx 10463 Line 2,-4190.77,Credit
FY26X-TX-10148,13/05/2026,610000,Journal Entry - Tx 10148 Line 1,14450.00,Debit
FY26X-TX-10148,13/05/2026,301000,Journal Entry - Tx 10148 Line 2,-14450.00,Credit
FY26X-TX-10039,15/05/2026,102001,Journal Entry - Tx 10039 Line 1,18662.05,Debit
FY26X-TX-10039,15/05/2026,401000,Journal Entry - Tx 10039 Line 2,-18662.05,Credit
FY26X-TX-10097,15/05/2026,501000,Journal Entry - Tx 10097 Line 1,3156.03,Debit
FY26X-TX-10097,15/05/2026,401000,Journal Entry - Tx 10097 Line 2,-3156.03,Credit
FY26X-TX-10070,16/05/2026,501000,Journal Entry - Tx 10070 Line 1,17793.86,Debit
FY26X-TX-10070,16/05/2026,301000,Journal Entry - Tx 10070 Line 2,-17793.86,Credit
FY26X-TX-10086,16/05/2026,110000,Journal Entry - Tx 10086 Line 1,2598.69,Debit
FY26X-TX-10086,16/05/2026,201000,Journal Entry - Tx 10086 Line 2,-2598.69,Credit
FY26X-TX-10037,17/05/2026,110000,Journal Entry - Tx 10037 Line 1,14771.90,Debit
FY26X-TX-10037,17/05/2026,201000,Journal Entry - Tx 10037 Line 2,-14771.90,Credit
FY26X-TX-10231,17/05/2026,101000,Journal Entry - Tx 10231 Line 1,15882.42,Debit
FY26X-TX-10231,17/05/2026,201000,Journal Entry - Tx 10231 Line 2,-15882.42,Credit
FY26X-TX-10372,17/05/2026,110000,Journal Entry - Tx 10372 Line 1,618.05,Debit
FY26X-TX-10372,17/05/2026,402000,Journal Entry - Tx 10372 Line 2,-618.05,Credit
FY26X-TX-10189,18/05/2026,102001,Journal Entry - Tx 10189 Line 1,6231.62,Debit
FY26X-TX-10189,18/05/2026,201000,Journal Entry - Tx 10189 Line 2,-6231.62,Credit
FY26X-TX-10203,19/05/2026,102001,Journal Entry - Tx 10203 Line 1,5931.53,Debit
FY26X-TX-10203,19/05/2026,201000,Journal Entry - Tx 10203 Line 2,-5931.53,Credit
FY26X-TX-10151,20/05/2026,601010,Journal Entry - Tx 10151 Line 1,6490.78,Debit
FY26X-TX-10151,20/05/2026,201000,Journal Entry - Tx 10151 Line 2,-6490.78,Credit
FY26X-TX-10235,20/05/2026,501000,Journal Entry - Tx 10235 Line 1,9641.04,Debit
FY26X-TX-10235,20/05/2026,390000,Journal Entry - Tx 10235 Line 2,-9641.04,Credit
FY26X-TX-10338,22/05/2026,102001,Journal Entry - Tx 10338 Line 1,16490.46,Debit
FY26X-TX-10338,22/05/2026,210000,Journal Entry - Tx 10338 Line 2,-16490.46,Credit
FY26X-TX-10008,23/05/2026,101000,Journal Entry - Tx 10008 Line 1,15553.27,Debit
FY26X-TX-10008,23/05/2026,210000,Journal Entry - Tx 10008 Line 2,-15553.27,Credit
FY26X-TX-10113,23/05/2026,110000,Journal Entry - Tx 10113 Line 1,16604.26,Debit
FY26X-TX-10113,23/05/2026,301000,Journal Entry - Tx 10113 Line 2,-16604.26,Credit
FY26X-TX-10190,23/05/2026,102001,Journal Entry - Tx 10190 Line 1,16934.90,Debit
FY26X-TX-10190,23/05/2026,390000,Journal Entry - Tx 10190 Line 2,-16934.90,Credit
FY26X-TX-10369,23/05/2026,501000,Journal Entry - Tx 10369 Line 1,11049.98,Debit
FY26X-TX-10369,23/05/2026,401000,Journal Entry - Tx 10369 Line 2,-11049.98,Credit
FY26X-TX-10194,24/05/2026,610000,Journal Entry - Tx 10194 Line 1,16909.80,Debit
FY26X-TX-10194,24/05/2026,301000,Journal Entry - Tx 10194 Line 2,-16909.80,Credit
FY26X-TX-10448,25/05/2026,601010,Journal Entry - Tx 10448 Line 1,14954.18,Debit
FY26X-TX-10448,25/05/2026,401000,Journal Entry - Tx 10448 Line 2,-14954.18,Credit
FY26X-TX-10414,27/05/2026,101000,Journal Entry - Tx 10414 Line 1,1532.33,Debit
FY26X-TX-10414,27/05/2026,401000,Journal Entry - Tx 10414 Line 2,-1532.33,Credit
FY26X-TX-10253,28/05/2026,610000,Journal Entry - Tx 10253 Line 1,8447.80,Debit
FY26X-TX-10253,28/05/2026,390000,Journal Entry - Tx 10253 Line 2,-8447.80,Credit
FY26X-TX-10038,31/05/2026,501000,Journal Entry - Tx 10038 Line 1,8383.67,Debit
FY26X-TX-10038,31/05/2026,201000,Journal Entry - Tx 10038 Line 2,-8383.67,Credit
FY26X-TX-10199,31/05/2026,610000,Journal Entry - Tx 10199 Line 1,4304.47,Debit
FY26X-TX-10199,31/05/2026,210000,Journal Entry - Tx 10199 Line 2,-4304.47,Credit
FY26X-TX-10483,31/05/2026,102001,Journal Entry - Tx 10483 Line 1,3921.65,Debit
FY26X-TX-10483,31/05/2026,201000,Journal Entry - Tx 10483 Line 2,-3921.65,Credit
FY26X-TX-10073,01/06/2026,101000,Journal Entry - Tx 10073 Line 1,4229.93,Debit
FY26X-TX-10073,01/06/2026,401000,Journal Entry - Tx 10073 Line 2,-4229.93,Credit
FY26X-TX-10208,01/06/2026,102001,Journal Entry - Tx 10208 Line 1,4417.11,Debit
FY26X-TX-10208,01/06/2026,301000,Journal Entry - Tx 10208 Line 2,-4417.11,Credit
FY26X-TX-10297,01/06/2026,110000,Journal Entry - Tx 10297 Line 1,19060.16,Debit
FY26X-TX-10297,01/06/2026,201000,Journal Entry - Tx 10297 Line 2,-19060.16,Credit
FY26X-TX-10347,04/06/2026,101000,Journal Entry - Tx 10347 Line 1,8829.11,Debit
FY26X-TX-10347,04/06/2026,201000,Journal Entry - Tx 10347 Line 2,-8829.11,Credit
FY26X-TX-10322,05/06/2026,101000,Journal Entry - Tx 10322 Line 1,19122.06,Debit
FY26X-TX-10322,05/06/2026,201000,Journal Entry - Tx 10322 Line 2,-19122.06,Credit
FY26X-TX-10111,06/06/2026,102001,Journal Entry - Tx 10111 Line 1,15765.79,Debit
FY26X-TX-10111,06/06/2026,210000,Journal Entry - Tx 10111 Line 2,-15765.79,Credit
FY26X-TX-10200,06/06/2026,110000,Journal Entry - Tx 10200 Line 1,12769.54,Debit
FY26X-TX-10200,06/06/2026,390000,Journal Entry - Tx 10200 Line 2,-12769.54,Credit
FY26X-TX-10102,07/06/2026,101000,Journal Entry - Tx 10102 Line 1,7041.97,Debit
FY26X-TX-10102,07/06/2026,301000,Journal Entry - Tx 10102 Line 2,-7041.97,Credit
FY26X-TX-10305,08/06/2026,101000,Journal Entry - Tx 10305 Line 1,15154.85,Debit
FY26X-TX-10305,08/06/2026,401000,Journal Entry - Tx 10305 Line 2,-15154.85,Credit
FY26X-TX-10373,08/06/2026,110000,Journal Entry - Tx 10373 Line 1,17698.55,Debit
FY26X-TX-10373,08/06/2026,201000,Journal Entry - Tx 10373 Line 2,-17698.55,Credit
FY26X-TX-10400,08/06/2026,102001,Journal Entry - Tx 10400 Line 1,14335.72,Debit
FY26X-TX-10400,08/06/2026,301000,Journal Entry - Tx 10400 Line 2,-14335.72,Credit
FY26X-TX-10082,10/06/2026,501000,Journal Entry - Tx 10082 Line 1,4631.49,Debit
FY26X-TX-10082,10/06/2026,210000,Journal Entry - Tx 10082 Line 2,-4631.49,Credit
FY26X-TX-10118,10/06/2026,601010,Journal Entry - Tx 10118 Line 1,8414.84,Debit
FY26X-TX-10118,10/06/2026,201000,Journal Entry - Tx 10118 Line 2,-8414.84,Credit
FY26X-TX-10027,11/06/2026,501000,Journal Entry - Tx 10027 Line 1,4132.83,Debit
FY26X-TX-10027,11/06/2026,390000,Journal Entry - Tx 10027 Line 2,-4132.83,Credit
FY26X-TX-10081,11/06/2026,102001,Journal Entry - Tx 10081 Line 1,17950.54,Debit
FY26X-TX-10081,11/06/2026,402000,Journal Entry - Tx 10081 Line 2,-17950.54,Credit
FY26X-TX-10410,11/06/2026,101000,Journal Entry - Tx 10410 Line 1,2952.72,Debit
FY26X-TX-10410,11/06/2026,390000,Journal Entry - Tx 10410 Line 2,-2952.72,Credit
FY26X-TX-10484,11/06/2026,601010,Journal Entry - Tx 10484 Line 1,17924.99,Debit
FY26X-TX-10484,11/06/2026,390000,Journal Entry - Tx 10484 Line 2,-17924.99,Credit
FY26X-TX-10270,12/06/2026,610000,Journal Entry - Tx 10270 Line 1,14314.68,Debit
FY26X-TX-10270,12/06/2026,390000,Journal Entry - Tx 10270 Line 2,-14314.68,Credit
FY26X-TX-10279,12/06/2026,501000,Journal Entry - Tx 10279 Line 1,12058.43,Debit
FY26X-TX-10279,12/06/2026,401000,Journal Entry - Tx 10279 Line 2,-12058.43,Credit
FY26X-TX-10268,14/06/2026,610000,Journal Entry - Tx 10268 Line 1,16704.70,Debit
FY26X-TX-10268,14/06/2026,210000,Journal Entry - Tx 10268 Line 2,-16704.70,Credit
FY26X-TX-10237,15/06/2026,101000,Journal Entry - Tx 10237 Line 1,11616.67,Debit
FY26X-TX-10237,15/06/2026,201000,Journal Entry - Tx 10237 Line 2,-11616.67,Credit
FY26X-TX-10342,15/06/2026,110000,Journal Entry - Tx 10342 Line 1,365.99,Debit
FY26X-TX-10342,15/06/2026,201000,Journal Entry - Tx 10342 Line 2,-365.99,Credit
FY26X-TX-10024,16/06/2026,101000,Journal Entry - Tx 10024 Line 1,16192.82,Debit
FY26X-TX-10024,16/06/2026,210000,Journal Entry - Tx 10024 Line 2,-16192.82,Credit
FY26X-TX-10285,16/06/2026,110000,Journal Entry - Tx 10285 Line 1,15299.00,Debit
FY26X-TX-10285,16/06/2026,301000,Journal Entry - Tx 10285 Line 2,-15299.00,Credit
FY26X-TX-10307,17/06/2026,102001,Journal Entry - Tx 10307 Line 1,14367.80,Debit
FY26X-TX-10307,17/06/2026,210000,Journal Entry - Tx 10307 Line 2,-14367.80,Credit
FY26X-TX-10493,17/06/2026,110000,Journal Entry - Tx 10493 Line 1,12711.35,Debit
FY26X-TX-10493,17/06/2026,390000,Journal Entry - Tx 10493 Line 2,-12711.35,Credit
FY26X-TX-10278,18/06/2026,601010,Journal Entry - Tx 10278 Line 1,16374.40,Debit
FY26X-TX-10278,18/06/2026,390000,Journal Entry - Tx 10278 Line 2,-16374.40,Credit
FY26X-TX-10433,18/06/2026,610000,Journal Entry - Tx 10433 Line 1,15625.10,Debit
FY26X-TX-10433,18/06/2026,402000,Journal Entry - Tx 10433 Line 2,-15625.10,Credit
FY26X-TX-10115,19/06/2026,101000,Journal Entry - Tx 10115 Line 1,18037.25,Debit
FY26X-TX-10115,19/06/2026,301000,Journal Entry - Tx 10115 Line 2,-18037.25,Credit
FY26X-TX-10487,19/06/2026,110000,Journal Entry - Tx 10487 Line 1,5292.28,Debit
FY26X-TX-10487,19/06/2026,390000,Journal Entry - Tx 10487 Line 2,-5292.28,Credit
FY26X-TX-10107,20/06/2026,501000,Journal Entry - Tx 10107 Line 1,15035.75,Debit
FY26X-TX-10107,20/06/2026,402000,Journal Entry - Tx 10107 Line 2,-15035.75,Credit
FY26X-TX-10334,20/06/2026,102001,Journal Entry - Tx 10334 Line 1,4724.94,Debit
FY26X-TX-10334,20/06/2026,401000,Journal Entry - Tx 10334 Line 2,-4724.94,Credit
FY26X-TX-10429,20/06/2026,610000,Journal Entry - Tx 10429 Line 1,1623.62,Debit
FY26X-TX-10429,20/06/2026,210000,Journal Entry - Tx 10429 Line 2,-1623.62,Credit
FY26X-TX-10426,21/06/2026,101000,Journal Entry - Tx 10426 Line 1,1325.29,Debit
FY26X-TX-10426,21/06/2026,401000,Journal Entry - Tx 10426 Line 2,-1325.29,Credit
FY26X-TX-10311,23/06/2026,501000,Journal Entry - Tx 10311 Line 1,15453.80,Debit
FY26X-TX-10311,23/06/2026,201000,Journal Entry - Tx 10311 Line 2,-15453.80,Credit
FY26X-TX-10357,23/06/2026,501000,Journal Entry - Tx 10357 Line 1,15897.50,Debit
FY26X-TX-10357,23/06/2026,390000,Journal Entry - Tx 10357 Line 2,-15897.50,Credit
FY26X-TX-10263,24/06/2026,601010,Journal Entry - Tx 10263 Line 1,17941.77,Debit
FY26X-TX-10263,24/06/2026,301000,Journal Entry - Tx 10263 Line 2,-17941.77,Credit
FY26X-TX-10093,25/06/2026,610000,Journal Entry - Tx 10093 Line 1,3960.04,Debit
FY26X-TX-10093,25/06/2026,301000,Journal Entry - Tx 10093 Line 2,-3960.04,Credit
FY26X-TX-10420,25/06/2026,101000,Journal Entry - Tx 10420 Line 1,18862.92,Debit
FY26X-TX-10420,25/06/2026,401000,Journal Entry - Tx 10420 Line 2,-18862.92,Credit
FY26X-TX-10293,26/06/2026,110000,Journal Entry - Tx 10293 Line 1,18963.70,Debit
FY26X-TX-10293,26/06/2026,402000,Journal Entry - Tx 10293 Line 2,-18963.70,Credit
FY26X-TX-10182,27/06/2026,610000,Journal Entry - Tx 10182 Line 1,10258.61,Debit
FY26X-TX-10182,27/06/2026,301000,Journal Entry - Tx 10182 Line 2,-10258.61,Credit
FY26X-TX-10368,29/06/2026,110000,Journal Entry - Tx 10368 Line 1,16241.06,Debit
FY26X-TX-10368,29/06/2026,201000,Journal Entry - Tx 10368 Line 2,-16241.06,Credit
FY26X-TX-10430,29/06/2026,610000,Journal Entry - Tx 10430 Line 1,6000.59,Debit
FY26X-TX-10430,29/06/2026,402000,Journal Entry - Tx 10430 Line 2,-6000.59,Credit
FY26X-TX-10366,30/06/2026,601010,Journal Entry - Tx 10366 Line 1,2046.50,Debit
FY26X-TX-10366,30/06/2026,210000,Journal Entry - Tx 10366 Line 2,-2046.50,Credit
FY26X-TX-10496,30/06/2026,501000,Journal Entry - Tx 10496 Line 1,11829.80,Debit
FY26X-TX-10496,30/06/2026,301000,Journal Entry - Tx 10496 Line 2,-11829.80,Credit
FY26X-TX-10104,01/07/2026,501000,Journal Entry - Tx 10104 Line 1,14992.31,Debit
FY26X-TX-10104,01/07/2026,401000,Journal Entry - Tx 10104 Line 2,-14992.31,Credit
FY26X-TX-10364,01/07/2026,501000,Journal Entry - Tx 10364 Line 1,16781.35,Debit
FY26X-TX-10364,01/07/2026,402000,Journal Entry - Tx 10364 Line 2,-16781.35,Credit
FY26X-TX-10341,03/07/2026,102001,Journal Entry - Tx 10341 Line 1,15181.15,Debit
FY26X-TX-10341,03/07/2026,401000,Journal Entry - Tx 10341 Line 2,-15181.15,Credit
FY26X-TX-10015,05/07/2026,610000,Journal Entry - Tx 10015 Line 1,11112.20,Debit
FY26X-TX-10015,05/07/2026,201000,Journal Entry - Tx 10015 Line 2,-11112.20,Credit
FY26X-TX-10031,05/07/2026,102001,Journal Entry - Tx 10031 Line 1,4260.93,Debit
FY26X-TX-10031,05/07/2026,401000,Journal Entry - Tx 10031 Line 2,-4260.93,Credit
FY26X-TX-10044,05/07/2026,110000,Journal Entry - Tx 10044 Line 1,16879.22,Debit
FY26X-TX-10044,05/07/2026,210000,Journal Entry - Tx 10044 Line 2,-16879.22,Credit
FY26X-TX-10185,05/07/2026,501000,Journal Entry - Tx 10185 Line 1,12226.56,Debit
FY26X-TX-10185,05/07/2026,402000,Journal Entry - Tx 10185 Line 2,-12226.56,Credit
FY26X-TX-10436,05/07/2026,102001,Journal Entry - Tx 10436 Line 1,5974.46,Debit
FY26X-TX-10436,05/07/2026,301000,Journal Entry - Tx 10436 Line 2,-5974.46,Credit
FY26X-TX-10306,06/07/2026,101000,Journal Entry - Tx 10306 Line 1,14078.44,Debit
FY26X-TX-10306,06/07/2026,301000,Journal Entry - Tx 10306 Line 2,-14078.44,Credit
FY26X-TX-10330,08/07/2026,610000,Journal Entry - Tx 10330 Line 1,10482.89,Debit
FY26X-TX-10330,08/07/2026,301000,Journal Entry - Tx 10330 Line 2,-10482.89,Credit
FY26X-TX-10019,09/07/2026,610000,Journal Entry - Tx 10019 Line 1,6862.46,Debit
FY26X-TX-10019,09/07/2026,301000,Journal Entry - Tx 10019 Line 2,-6862.46,Credit
FY26X-TX-10378,09/07/2026,110000,Journal Entry - Tx 10378 Line 1,6027.49,Debit
FY26X-TX-10378,09/07/2026,401000,Journal Entry - Tx 10378 Line 2,-6027.49,Credit
FY26X-TX-10317,10/07/2026,102001,Journal Entry - Tx 10317 Line 1,2137.31,Debit
FY26X-TX-10317,10/07/2026,390000,Journal Entry - Tx 10317 Line 2,-2137.31,Credit
FY26X-TX-10286,11/07/2026,102001,Journal Entry - Tx 10286 Line 1,8305.63,Debit
FY26X-TX-10286,11/07/2026,401000,Journal Entry - Tx 10286 Line 2,-8305.63,Credit
FY26X-TX-10377,12/07/2026,110000,Journal Entry - Tx 10377 Line 1,8097.92,Debit
FY26X-TX-10377,12/07/2026,210000,Journal Entry - Tx 10377 Line 2,-8097.92,Credit
FY26X-TX-10157,14/07/2026,110000,Journal Entry - Tx 10157 Line 1,9191.49,Debit
FY26X-TX-10157,14/07/2026,301000,Journal Entry - Tx 10157 Line 2,-9191.49,Credit
FY26X-TX-10220,14/07/2026,501000,Journal Entry - Tx 10220 Line 1,8685.04,Debit
FY26X-TX-10220,14/07/2026,301000,Journal Entry - Tx 10220 Line 2,-8685.04,Credit
FY26X-TX-10390,14/07/2026,102001,Journal Entry - Tx 10390 Line 1,10255.50,Debit
FY26X-TX-10390,14/07/2026,401000,Journal Entry - Tx 10390 Line 2,-10255.50,Credit
FY26X-TX-10109,15/07/2026,501000,Journal Entry - Tx 10109 Line 1,16753.78,Debit
FY26X-TX-10109,15/07/2026,210000,Journal Entry - Tx 10109 Line 2,-16753.78,Credit
FY26X-TX-10261,16/07/2026,601010,Journal Entry - Tx 10261 Line 1,3711.53,Debit
FY26X-TX-10261,16/07/2026,401000,Journal Entry - Tx 10261 Line 2,-3711.53,Credit
FY26X-TX-10119,17/07/2026,102001,Journal Entry - Tx 10119 Line 1,17276.93,Debit
FY26X-TX-10119,17/07/2026,301000,Journal Entry - Tx 10119 Line 2,-17276.93,Credit
FY26X-TX-10271,17/07/2026,610000,Journal Entry - Tx 10271 Line 1,18978.29,Debit
FY26X-TX-10271,17/07/2026,210000,Journal Entry - Tx 10271 Line 2,-18978.29,Credit
FY26X-TX-10424,18/07/2026,110000,Journal Entry - Tx 10424 Line 1,7886.21,Debit
FY26X-TX-10424,18/07/2026,402000,Journal Entry - Tx 10424 Line 2,-7886.21,Credit
FY26X-TX-10158,19/07/2026,501000,Journal Entry - Tx 10158 Line 1,16395.58,Debit
FY26X-TX-10158,19/07/2026,401000,Journal Entry - Tx 10158 Line 2,-16395.58,Credit
FY26X-TX-10161,19/07/2026,610000,Journal Entry - Tx 10161 Line 1,6496.18,Debit
FY26X-TX-10161,19/07/2026,390000,Journal Entry - Tx 10161 Line 2,-6496.18,Credit
FY26X-TX-10392,23/07/2026,101000,Journal Entry - Tx 10392 Line 1,16554.73,Debit
FY26X-TX-10392,23/07/2026,390000,Journal Entry - Tx 10392 Line 2,-16554.73,Credit
FY26X-TX-10488,24/07/2026,501000,Journal Entry - Tx 10488 Line 1,14287.94,Debit
FY26X-TX-10488,24/07/2026,301000,Journal Entry - Tx 10488 Line 2,-14287.94,Credit
FY26X-TX-10246,25/07/2026,601010,Journal Entry - Tx 10246 Line 1,15632.40,Debit
FY26X-TX-10246,25/07/2026,201000,Journal Entry - Tx 10246 Line 2,-15632.40,Credit
FY26X-TX-10375,25/07/2026,610000,Journal Entry - Tx 10375 Line 1,1395.58,Debit
FY26X-TX-10375,25/07/2026,402000,Journal Entry - Tx 10375 Line 2,-1395.58,Credit
FY26X-TX-10126,26/07/2026,601010,Journal Entry - Tx 10126 Line 1,13405.79,Debit
FY26X-TX-10126,26/07/2026,210000,Journal Entry - Tx 10126 Line 2,-13405.79,Credit
FY26X-TX-10059,28/07/2026,101000,Journal Entry - Tx 10059 Line 1,3707.69,Debit
FY26X-TX-10059,28/07/2026,402000,Journal Entry - Tx 10059 Line 2,-3707.69,Credit
FY26X-TX-10068,28/07/2026,102001,Journal Entry - Tx 10068 Line 1,9357.22,Debit
FY26X-TX-10068,28/07/2026,390000,Journal Entry - Tx 10068 Line 2,-9357.22,Credit
FY26X-TX-10154,28/07/2026,501000,Journal Entry - Tx 10154 Line 1,6395.75,Debit
FY26X-TX-10154,28/07/2026,390000,Journal Entry - Tx 10154 Line 2,-6395.75,Credit
FY26X-TX-10321,29/07/2026,101000,Journal Entry - Tx 10321 Line 1,2296.72,Debit
FY26X-TX-10321,29/07/2026,201000,Journal Entry - Tx 10321 Line 2,-2296.72,Credit
FY26X-TX-10245,30/07/2026,110000,Journal Entry - Tx 10245 Line 1,13338.14,Debit
FY26X-TX-10245,30/07/2026,402000,Journal Entry - Tx 10245 Line 2,-13338.14,Credit
FY26X-TX-10287,30/07/2026,102001,Journal Entry - Tx 10287 Line 1,10893.59,Debit
FY26X-TX-10287,30/07/2026,210000,Journal Entry - Tx 10287 Line 2,-10893.59,Credit
FY26X-TX-10250,31/07/2026,601010,Journal Entry - Tx 10250 Line 1,1101.25,Debit
FY26X-TX-10250,31/07/2026,301000,Journal Entry - Tx 10250 Line 2,-1101.25,Credit
FY26X-TX-10138,01/08/2026,601010,Journal Entry - Tx 10138 Line 1,17021.12,Debit
FY26X-TX-10138,01/08/2026,210000,Journal Entry - Tx 10138 Line 2,-17021.12,Credit
FY26X-TX-10456,01/08/2026,601010,Journal Entry - Tx 10456 Line 1,1083.12,Debit
FY26X-TX-10456,01/08/2026,301000,Journal Entry - Tx 10456 Line 2,-1083.12,Credit
FY26X-TX-10471,02/08/2026,610000,Journal Entry - Tx 10471 Line 1,3648.44,Debit
FY26X-TX-10471,02/08/2026,201000,Journal Entry - Tx 10471 Line 2,-3648.44,Credit
FY26X-TX-10080,03/08/2026,601010,Journal Entry - Tx 10080 Line 1,12643.49,Debit
FY26X-TX-10080,03/08/2026,401000,Journal Entry - Tx 10080 Line 2,-12643.49,Credit
FY26X-TX-10449,03/08/2026,102001,Journal Entry - Tx 10449 Line 1,18554.51,Debit
FY26X-TX-10449,03/08/2026,401000,Journal Entry - Tx 10449 Line 2,-18554.51,Credit
FY26X-TX-10466,03/08/2026,601010,Journal Entry - Tx 10466 Line 1,12290.98,Debit
FY26X-TX-10466,03/08/2026,390000,Journal Entry - Tx 10466 Line 2,-12290.98,Credit
FY26X-TX-10168,04/08/2026,101000,Journal Entry - Tx 10168 Line 1,4891.47,Debit
FY26X-TX-10168,04/08/2026,390000,Journal Entry - Tx 10168 Line 2,-4891.47,Credit
FY26X-TX-10184,04/08/2026,101000,Journal Entry - Tx 10184 Line 1,15800.13,Debit
FY26X-TX-10184,04/08/2026,390000,Journal Entry - Tx 10184 Line 2,-15800.13,Credit
FY26X-TX-10071,05/08/2026,610000,Journal Entry - Tx 10071 Line 1,13393.97,Debit
FY26X-TX-10071,05/08/2026,401000,Journal Entry - Tx 10071 Line 2,-13393.97,Credit
FY26X-TX-10141,06/08/2026,610000,Journal Entry - Tx 10141 Line 1,4251.74,Debit
FY26X-TX-10141,06/08/2026,401000,Journal Entry - Tx 10141 Line 2,-4251.74,Credit
FY26X-TX-10294,06/08/2026,501000,Journal Entry - Tx 10294 Line 1,13273.84,Debit
FY26X-TX-10294,06/08/2026,301000,Journal Entry - Tx 10294 Line 2,-13273.84,Credit
FY26X-TX-10491,06/08/2026,601010,Journal Entry - Tx 10491 Line 1,1574.35,Debit
FY26X-TX-10491,06/08/2026,210000,Journal Entry - Tx 10491 Line 2,-1574.35,Credit
FY26X-TX-10146,07/08/2026,601010,Journal Entry - Tx 10146 Line 1,15957.77,Debit
FY26X-TX-10146,07/08/2026,390000,Journal Entry - Tx 10146 Line 2,-15957.77,Credit
FY26X-TX-10165,08/08/2026,501000,Journal Entry - Tx 10165 Line 1,2660.75,Debit
FY26X-TX-10165,08/08/2026,210000,Journal Entry - Tx 10165 Line 2,-2660.75,Credit
FY26X-TX-10060,09/08/2026,501000,Journal Entry - Tx 10060 Line 1,6843.84,Debit
FY26X-TX-10060,09/08/2026,390000,Journal Entry - Tx 10060 Line 2,-6843.84,Credit
FY26X-TX-10354,09/08/2026,610000,Journal Entry - Tx 10354 Line 1,1961.88,Debit
FY26X-TX-10354,09/08/2026,201000,Journal Entry - Tx 10354 Line 2,-1961.88,Credit
FY26X-TX-10384,09/08/2026,610000,Journal Entry - Tx 10384 Line 1,2185.98,Debit
FY26X-TX-10384,09/08/2026,402000,Journal Entry - Tx 10384 Line 2,-2185.98,Credit
FY26X-TX-10361,10/08/2026,610000,Journal Entry - Tx 10361 Line 1,1911.86,Debit
FY26X-TX-10361,10/08/2026,301000,Journal Entry - Tx 10361 Line 2,-1911.86,Credit
FY26X-TX-10398,12/08/2026,102001,Journal Entry - Tx 10398 Line 1,16224.05,Debit
FY26X-TX-10398,12/08/2026,390000,Journal Entry - Tx 10398 Line 2,-16224.05,Credit
FY26X-TX-10422,13/08/2026,601010,Journal Entry - Tx 10422 Line 1,19027.51,Debit
FY26X-TX-10422,13/08/2026,401000,Journal Entry - Tx 10422 Line 2,-19027.51,Credit
FY26X-TX-10443,13/08/2026,110000,Journal Entry - Tx 10443 Line 1,900.10,Debit
FY26X-TX-10443,13/08/2026,402000,Journal Entry - Tx 10443 Line 2,-900.10,Credit
FY26X-TX-10150,14/08/2026,110000,Journal Entry - Tx 10150 Line 1,1546.73,Debit
FY26X-TX-10150,14/08/2026,210000,Journal Entry - Tx 10150 Line 2,-1546.73,Credit
FY26X-TX-10145,15/08/2026,610000,Journal Entry - Tx 10145 Line 1,11787.71,Debit
FY26X-TX-10145,15/08/2026,401000,Journal Entry - Tx 10145 Line 2,-11787.71,Credit
FY26X-TX-10411,15/08/2026,110000,Journal Entry - Tx 10411 Line 1,12146.19,Debit
FY26X-TX-10411,15/08/2026,401000,Journal Entry - Tx 10411 Line 2,-12146.19,Credit
FY26X-TX-10495,16/08/2026,101000,Journal Entry - Tx 10495 Line 1,6791.21,Debit
FY26X-TX-10495,16/08/2026,402000,Journal Entry - Tx 10495 Line 2,-6791.21,Credit
FY26X-TX-10266,17/08/2026,110000,Journal Entry - Tx 10266 Line 1,10370.28,Debit
FY26X-TX-10266,17/08/2026,301000,Journal Entry - Tx 10266 Line 2,-10370.28,Credit
FY26X-TX-10445,18/08/2026,102001,Journal Entry - Tx 10445 Line 1,4541.88,Debit
FY26X-TX-10445,18/08/2026,301000,Journal Entry - Tx 10445 Line 2,-4541.88,Credit
FY26X-TX-10417,19/08/2026,601010,Journal Entry - Tx 10417 Line 1,17459.58,Debit
FY26X-TX-10417,19/08/2026,402000,Journal Entry - Tx 10417 Line 2,-17459.58,Credit
FY26X-TX-10018,21/08/2026,110000,Journal Entry - Tx 10018 Line 1,12228.45,Debit
FY26X-TX-10018,21/08/2026,210000,Journal Entry - Tx 10018 Line 2,-12228.45,Credit
FY26X-TX-10167,21/08/2026,501000,Journal Entry - Tx 10167 Line 1,6318.52,Debit
FY26X-TX-10167,21/08/2026,301000,Journal Entry - Tx 10167 Line 2,-6318.52,Credit
FY26X-TX-10228,21/08/2026,102001,Journal Entry - Tx 10228 Line 1,1426.10,Debit
FY26X-TX-10228,21/08/2026,301000,Journal Entry - Tx 10228 Line 2,-1426.10,Credit
FY26X-TX-10247,21/08/2026,110000,Journal Entry - Tx 10247 Line 1,1749.11,Debit
FY26X-TX-10247,21/08/2026,301000,Journal Entry - Tx 10247 Line 2,-1749.11,Credit
FY26X-TX-10324,21/08/2026,610000,Journal Entry - Tx 10324 Line 1,7163.67,Debit
FY26X-TX-10324,21/08/2026,402000,Journal Entry - Tx 10324 Line 2,-7163.67,Credit
FY26X-TX-10332,21/08/2026,102001,Journal Entry - Tx 10332 Line 1,1818.27,Debit
FY26X-TX-10332,21/08/2026,402000,Journal Entry - Tx 10332 Line 2,-1818.27,Credit
FY26X-TX-10143,22/08/2026,501000,Journal Entry - Tx 10143 Line 1,2615.58,Debit
FY26X-TX-10143,22/08/2026,402000,Journal Entry - Tx 10143 Line 2,-2615.58,Credit
FY26X-TX-10013,24/08/2026,501000,Journal Entry - Tx 10013 Line 1,10325.26,Debit
FY26X-TX-10013,24/08/2026,201000,Journal Entry - Tx 10013 Line 2,-10325.26,Credit
FY26X-TX-10397,24/08/2026,110000,Journal Entry - Tx 10397 Line 1,15985.65,Debit
FY26X-TX-10397,24/08/2026,201000,Journal Entry - Tx 10397 Line 2,-15985.65,Credit
FY26X-TX-10413,25/08/2026,101000,Journal Entry - Tx 10413 Line 1,8711.82,Debit
FY26X-TX-10413,25/08/2026,301000,Journal Entry - Tx 10413 Line 2,-8711.82,Credit
FY26X-TX-10142,26/08/2026,102001,Journal Entry - Tx 10142 Line 1,1024.97,Debit
FY26X-TX-10142,26/08/2026,201000,Journal Entry - Tx 10142 Line 2,-1024.97,Credit
FY26X-TX-10320,26/08/2026,110000,Journal Entry - Tx 10320 Line 1,17466.05,Debit
FY26X-TX-10320,26/08/2026,402000,Journal Entry - Tx 10320 Line 2,-17466.05,Credit
FY26X-TX-10407,26/08/2026,601010,Journal Entry - Tx 10407 Line 1,14501.08,Debit
FY26X-TX-10407,26/08/2026,390000,Journal Entry - Tx 10407 Line 2,-14501.08,Credit
FY26X-TX-10188,27/08/2026,610000,Journal Entry - Tx 10188 Line 1,8399.16,Debit
FY26X-TX-10188,27/08/2026,401000,Journal Entry - Tx 10188 Line 2,-8399.16,Credit
FY26X-TX-10035,28/08/2026,601010,Journal Entry - Tx 10035 Line 1,10189.13,Debit
FY26X-TX-10035,28/08/2026,201000,Journal Entry - Tx 10035 Line 2,-10189.13,Credit
FY26X-TX-10234,28/08/2026,610000,Journal Entry - Tx 10234 Line 1,13242.55,Debit
FY26X-TX-10234,28/08/2026,390000,Journal Entry - Tx 10234 Line 2,-13242.55,Credit
FY26X-TX-10213,29/08/2026,110000,Journal Entry - Tx 10213 Line 1,9224.68,Debit
FY26X-TX-10213,29/08/2026,210000,Journal Entry - Tx 10213 Line 2,-9224.68,Credit
FY26X-TX-10243,29/08/2026,110000,Journal Entry - Tx 10243 Line 1,6722.59,Debit
FY26X-TX-10243,29/08/2026,301000,Journal Entry - Tx 10243 Line 2,-6722.59,Credit
FY26X-TX-10446,29/08/2026,102001,Journal Entry - Tx 10446 Line 1,17362.46,Debit
FY26X-TX-10446,29/08/2026,301000,Journal Entry - Tx 10446 Line 2,-17362.46,Credit
FY26X-TX-10260,30/08/2026,601010,Journal Entry - Tx 10260 Line 1,4728.04,Debit
FY26X-TX-10260,30/08/2026,210000,Journal Entry - Tx 10260 Line 2,-4728.04,Credit
FY26X-TX-10360,31/08/2026,101000,Journal Entry - Tx 10360 Line 1,1348.66,Debit
FY26X-TX-10360,31/08/2026,201000,Journal Entry - Tx 10360 Line 2,-1348.66,Credit
FY26X-TX-10348,03/09/2026,501000,Journal Entry - Tx 10348 Line 1,16277.90,Debit
FY26X-TX-10348,03/09/2026,402000,Journal Entry - Tx 10348 Line 2,-16277.90,Credit
FY26X-TX-10310,04/09/2026,110000,Journal Entry - Tx 10310 Line 1,18575.86,Debit
FY26X-TX-10310,04/09/2026,402000,Journal Entry - Tx 10310 Line 2,-18575.86,Credit
FY26X-TX-10451,04/09/2026,601010,Journal Entry - Tx 10451 Line 1,16791.10,Debit
FY26X-TX-10451,04/09/2026,201000,Journal Entry - Tx 10451 Line 2,-16791.10,Credit
FY26X-TX-10206,05/09/2026,601010,Journal Entry - Tx 10206 Line 1,5355.10,Debit
FY26X-TX-10206,05/09/2026,401000,Journal Entry - Tx 10206 Line 2,-5355.10,Credit
FY26X-TX-10057,06/09/2026,102001,Journal Entry - Tx 10057 Line 1,4163.64,Debit
FY26X-TX-10057,06/09/2026,402000,Journal Entry - Tx 10057 Line 2,-4163.64,Credit
FY26X-TX-10382,06/09/2026,501000,Journal Entry - Tx 10382 Line 1,11681.01,Debit
FY26X-TX-10382,06/09/2026,301000,Journal Entry - Tx 10382 Line 2,-11681.01,Credit
FY26X-TX-10437,06/09/2026,102001,Journal Entry - Tx 10437 Line 1,3738.21,Debit
FY26X-TX-10437,06/09/2026,210000,Journal Entry - Tx 10437 Line 2,-3738.21,Credit
FY26X-TX-10193,07/09/2026,110000,Journal Entry - Tx 10193 Line 1,4123.12,Debit
FY26X-TX-10193,07/09/2026,301000,Journal Entry - Tx 10193 Line 2,-4123.12,Credit
FY26X-TX-10327,08/09/2026,110000,Journal Entry - Tx 10327 Line 1,11845.12,Debit
FY26X-TX-10327,08/09/2026,201000,Journal Entry - Tx 10327 Line 2,-11845.12,Credit
FY26X-TX-10198,09/09/2026,101000,Journal Entry - Tx 10198 Line 1,8640.27,Debit
FY26X-TX-10198,09/09/2026,201000,Journal Entry - Tx 10198 Line 2,-8640.27,Credit
FY26X-TX-10032,10/09/2026,101000,Journal Entry - Tx 10032 Line 1,1803.65,Debit
FY26X-TX-10032,10/09/2026,201000,Journal Entry - Tx 10032 Line 2,-1803.65,Credit
FY26X-TX-10272,11/09/2026,102001,Journal Entry - Tx 10272 Line 1,18526.89,Debit
FY26X-TX-10272,11/09/2026,401000,Journal Entry - Tx 10272 Line 2,-18526.89,Credit
FY26X-TX-10300,12/09/2026,110000,Journal Entry - Tx 10300 Line 1,16001.20,Debit
FY26X-TX-10300,12/09/2026,210000,Journal Entry - Tx 10300 Line 2,-16001.20,Credit
FY26X-TX-10389,12/09/2026,102001,Journal Entry - Tx 10389 Line 1,14358.86,Debit
FY26X-TX-10389,12/09/2026,210000,Journal Entry - Tx 10389 Line 2,-14358.86,Credit
FY26X-TX-10309,14/09/2026,102001,Journal Entry - Tx 10309 Line 1,17544.49,Debit
FY26X-TX-10309,14/09/2026,301000,Journal Entry - Tx 10309 Line 2,-17544.49,Credit
FY26X-TX-10094,16/09/2026,101000,Journal Entry - Tx 10094 Line 1,9412.54,Debit
FY26X-TX-10094,16/09/2026,201000,Journal Entry - Tx 10094 Line 2,-9412.54,Credit
FY26X-TX-10041,17/09/2026,102001,Journal Entry - Tx 10041 Line 1,11717.25,Debit
FY26X-TX-10041,17/09/2026,301000,Journal Entry - Tx 10041 Line 2,-11717.25,Credit
FY26X-TX-10125,17/09/2026,501000,Journal Entry - Tx 10125 Line 1,5982.48,Debit
FY26X-TX-10125,17/09/2026,301000,Journal Entry - Tx 10125 Line 2,-5982.48,Credit
FY26X-TX-10259,18/09/2026,501000,Journal Entry - Tx 10259 Line 1,13562.75,Debit
FY26X-TX-10259,18/09/2026,390000,Journal Entry - Tx 10259 Line 2,-13562.75,Credit
FY26X-TX-10454,20/09/2026,501000,Journal Entry - Tx 10454 Line 1,2883.66,Debit
FY26X-TX-10454,20/09/2026,201000,Journal Entry - Tx 10454 Line 2,-2883.66,Credit
FY26X-TX-10241,23/09/2026,110000,Journal Entry - Tx 10241 Line 1,12531.29,Debit
FY26X-TX-10241,23/09/2026,210000,Journal Entry - Tx 10241 Line 2,-12531.29,Credit
FY26X-TX-10490,23/09/2026,101000,Journal Entry - Tx 10490 Line 1,5167.96,Debit
FY26X-TX-10490,23/09/2026,402000,Journal Entry - Tx 10490 Line 2,-5167.96,Credit
FY26X-TX-10149,24/09/2026,102001,Journal Entry - Tx 10149 Line 1,9337.25,Debit
FY26X-TX-10149,24/09/2026,301000,Journal Entry - Tx 10149 Line 2,-9337.25,Credit
FY26X-TX-10472,26/09/2026,101000,Journal Entry - Tx 10472 Line 1,18714.98,Debit
FY26X-TX-10472,26/09/2026,401000,Journal Entry - Tx 10472 Line 2,-18714.98,Credit
FY26X-TX-10089,28/09/2026,601010,Journal Entry - Tx 10089 Line 1,213.71,Debit
FY26X-TX-10089,28/09/2026,301000,Journal Entry - Tx 10089 Line 2,-213.71,Credit
FY26X-TX-10144,29/09/2026,601010,Journal Entry - Tx 10144 Line 1,18968.31,Debit
FY26X-TX-10144,29/09/2026,301000,Journal Entry - Tx 10144 Line 2,-18968.31,Credit
FY26X-TX-10353,29/09/2026,601010,Journal Entry - Tx 10353 Line 1,5707.16,Debit
FY26X-TX-10353,29/09/2026,401000,Journal Entry - Tx 10353 Line 2,-5707.16,Credit
FY26X-TX-10402,29/09/2026,110000,Journal Entry - Tx 10402 Line 1,9822.44,Debit
FY26X-TX-10402,29/09/2026,301000,Journal Entry - Tx 10402 Line 2,-9822.44,Credit
FY26X-TX-10163,01/10/2026,501000,Journal Entry - Tx 10163 Line 1,580.03,Debit
FY26X-TX-10163,01/10/2026,401000,Journal Entry - Tx 10163 Line 2,-580.03,Credit
FY26X-TX-10315,02/10/2026,110000,Journal Entry - Tx 10315 Line 1,2428.99,Debit
FY26X-TX-10315,02/10/2026,402000,Journal Entry - Tx 10315 Line 2,-2428.99,Credit
FY26X-TX-10468,02/10/2026,601010,Journal Entry - Tx 10468 Line 1,378.51,Debit
FY26X-TX-10468,02/10/2026,401000,Journal Entry - Tx 10468 Line 2,-378.51,Credit
FY26X-TX-10121,03/10/2026,610000,Journal Entry - Tx 10121 Line 1,13207.69,Debit
FY26X-TX-10121,03/10/2026,402000,Journal Entry - Tx 10121 Line 2,-13207.69,Credit
FY26X-TX-10325,04/10/2026,610000,Journal Entry - Tx 10325 Line 1,8084.40,Debit
FY26X-TX-10325,04/10/2026,402000,Journal Entry - Tx 10325 Line 2,-8084.40,Credit
FY26X-TX-10339,04/10/2026,102001,Journal Entry - Tx 10339 Line 1,4860.52,Debit
FY26X-TX-10339,04/10/2026,201000,Journal Entry - Tx 10339 Line 2,-4860.52,Credit
FY26X-TX-10439,04/10/2026,601010,Journal Entry - Tx 10439 Line 1,16044.85,Debit
FY26X-TX-10439,04/10/2026,201000,Journal Entry - Tx 10439 Line 2,-16044.85,Credit
FY26X-TX-10074,05/10/2026,110000,Journal Entry - Tx 10074 Line 1,1230.49,Debit
FY26X-TX-10074,05/10/2026,201000,Journal Entry - Tx 10074 Line 2,-1230.49,Credit
FY26X-TX-10088,06/10/2026,601010,Journal Entry - Tx 10088 Line 1,13526.94,Debit
FY26X-TX-10088,06/10/2026,402000,Journal Entry - Tx 10088 Line 2,-13526.94,Credit
FY26X-TX-10473,06/10/2026,601010,Journal Entry - Tx 10473 Line 1,9772.22,Debit
FY26X-TX-10473,06/10/2026,401000,Journal Entry - Tx 10473 Line 2,-9772.22,Credit
FY26X-TX-10485,06/10/2026,101000,Journal Entry - Tx 10485 Line 1,9122.98,Debit
FY26X-TX-10485,06/10/2026,402000,Journal Entry - Tx 10485 Line 2,-9122.98,Credit
FY26X-TX-10007,07/10/2026,501000,Journal Entry - Tx 10007 Line 1,8091.93,Debit
FY26X-TX-10007,07/10/2026,401000,Journal Entry - Tx 10007 Line 2,-8091.93,Credit
FY26X-TX-10100,07/10/2026,110000,Journal Entry - Tx 10100 Line 1,753.43,Debit
FY26X-TX-10100,07/10/2026,401000,Journal Entry - Tx 10100 Line 2,-753.43,Credit
FY26X-TX-10159,07/10/2026,102001,Journal Entry - Tx 10159 Line 1,15370.28,Debit
FY26X-TX-10159,07/10/2026,390000,Journal Entry - Tx 10159 Line 2,-15370.28,Credit
FY26X-TX-10492,07/10/2026,101000,Journal Entry - Tx 10492 Line 1,5685.52,Debit
FY26X-TX-10492,07/10/2026,201000,Journal Entry - Tx 10492 Line 2,-5685.52,Credit
FY26X-TX-10129,08/10/2026,110000,Journal Entry - Tx 10129 Line 1,16018.16,Debit
FY26X-TX-10129,08/10/2026,301000,Journal Entry - Tx 10129 Line 2,-16018.16,Credit
FY26X-TX-10352,08/10/2026,501000,Journal Entry - Tx 10352 Line 1,13691.75,Debit
FY26X-TX-10352,08/10/2026,401000,Journal Entry - Tx 10352 Line 2,-13691.75,Credit
FY26X-TX-10066,09/10/2026,610000,Journal Entry - Tx 10066 Line 1,1937.59,Debit
FY26X-TX-10066,09/10/2026,401000,Journal Entry - Tx 10066 Line 2,-1937.59,Credit
FY26X-TX-10202,09/10/2026,610000,Journal Entry - Tx 10202 Line 1,6394.02,Debit
FY26X-TX-10202,09/10/2026,390000,Journal Entry - Tx 10202 Line 2,-6394.02,Credit
FY26X-TX-10014,10/10/2026,610000,Journal Entry - Tx 10014 Line 1,5674.27,Debit
FY26X-TX-10014,10/10/2026,401000,Journal Entry - Tx 10014 Line 2,-5674.27,Credit
FY26X-TX-10101,10/10/2026,102001,Journal Entry - Tx 10101 Line 1,2897.92,Debit
FY26X-TX-10101,10/10/2026,201000,Journal Entry - Tx 10101 Line 2,-2897.92,Credit
FY26X-TX-10267,10/10/2026,501000,Journal Entry - Tx 10267 Line 1,14662.34,Debit
FY26X-TX-10267,10/10/2026,390000,Journal Entry - Tx 10267 Line 2,-14662.34,Credit
FY26X-TX-10201,11/10/2026,501000,Journal Entry - Tx 10201 Line 1,10223.72,Debit
FY26X-TX-10201,11/10/2026,402000,Journal Entry - Tx 10201 Line 2,-10223.72,Credit
FY26X-TX-10416,11/10/2026,610000,Journal Entry - Tx 10416 Line 1,18324.17,Debit
FY26X-TX-10416,11/10/2026,201000,Journal Entry - Tx 10416 Line 2,-18324.17,Credit
FY26X-TX-10195,12/10/2026,102001,Journal Entry - Tx 10195 Line 1,258.25,Debit
FY26X-TX-10195,12/10/2026,201000,Journal Entry - Tx 10195 Line 2,-258.25,Credit
FY26X-TX-10391,14/10/2026,110000,Journal Entry - Tx 10391 Line 1,16011.07,Debit
FY26X-TX-10391,14/10/2026,201000,Journal Entry - Tx 10391 Line 2,-16011.07,Credit
FY26X-TX-10006,15/10/2026,610000,Journal Entry - Tx 10006 Line 1,3868.95,Debit
FY26X-TX-10006,15/10/2026,402000,Journal Entry - Tx 10006 Line 2,-3868.95,Credit
FY26X-TX-10363,15/10/2026,101000,Journal Entry - Tx 10363 Line 1,6372.11,Debit
FY26X-TX-10363,15/10/2026,390000,Journal Entry - Tx 10363 Line 2,-6372.11,Credit
FY26X-TX-10164,16/10/2026,101000,Journal Entry - Tx 10164 Line 1,12751.17,Debit
FY26X-TX-10164,16/10/2026,402000,Journal Entry - Tx 10164 Line 2,-12751.17,Credit
FY26X-TX-10217,16/10/2026,101000,Journal Entry - Tx 10217 Line 1,18226.47,Debit
FY26X-TX-10217,16/10/2026,210000,Journal Entry - Tx 10217 Line 2,-18226.47,Credit
FY26X-TX-10191,19/10/2026,501000,Journal Entry - Tx 10191 Line 1,11743.31,Debit
FY26X-TX-10191,19/10/2026,301000,Journal Entry - Tx 10191 Line 2,-11743.31,Credit
FY26X-TX-10233,19/10/2026,501000,Journal Entry - Tx 10233 Line 1,17691.94,Debit
FY26X-TX-10233,19/10/2026,201000,Journal Entry - Tx 10233 Line 2,-17691.94,Credit
FY26X-TX-10058,20/10/2026,102001,Journal Entry - Tx 10058 Line 1,11090.38,Debit
FY26X-TX-10058,20/10/2026,390000,Journal Entry - Tx 10058 Line 2,-11090.38,Credit
FY26X-TX-10269,20/10/2026,501000,Journal Entry - Tx 10269 Line 1,7392.52,Debit
FY26X-TX-10269,20/10/2026,201000,Journal Entry - Tx 10269 Line 2,-7392.52,Credit
FY26X-TX-10394,22/10/2026,501000,Journal Entry - Tx 10394 Line 1,8278.78,Debit
FY26X-TX-10394,22/10/2026,402000,Journal Entry - Tx 10394 Line 2,-8278.78,Credit
FY26X-TX-10240,23/10/2026,102001,Journal Entry - Tx 10240 Line 1,833.87,Debit
FY26X-TX-10240,23/10/2026,390000,Journal Entry - Tx 10240 Line 2,-833.87,Credit
FY26X-TX-10079,24/10/2026,601010,Journal Entry - Tx 10079 Line 1,11440.72,Debit
FY26X-TX-10079,24/10/2026,201000,Journal Entry - Tx 10079 Line 2,-11440.72,Credit
FY26X-TX-10265,24/10/2026,501000,Journal Entry - Tx 10265 Line 1,19179.00,Debit
FY26X-TX-10265,24/10/2026,210000,Journal Entry - Tx 10265 Line 2,-19179.00,Credit
FY26X-TX-10478,25/10/2026,110000,Journal Entry - Tx 10478 Line 1,14132.54,Debit
FY26X-TX-10478,25/10/2026,210000,Journal Entry - Tx 10478 Line 2,-14132.54,Credit
FY26X-TX-10030,27/10/2026,601010,Journal Entry - Tx 10030 Line 1,8262.52,Debit
FY26X-TX-10030,27/10/2026,390000,Journal Entry - Tx 10030 Line 2,-8262.52,Credit
FY26X-TX-10156,27/10/2026,101000,Journal Entry - Tx 10156 Line 1,18167.85,Debit
FY26X-TX-10156,27/10/2026,401000,Journal Entry - Tx 10156 Line 2,-18167.85,Credit
FY26X-TX-10242,27/10/2026,501000,Journal Entry - Tx 10242 Line 1,8405.09,Debit
FY26X-TX-10242,27/10/2026,201000,Journal Entry - Tx 10242 Line 2,-8405.09,Credit
FY26X-TX-10336,28/10/2026,102001,Journal Entry - Tx 10336 Line 1,4196.44,Debit
FY26X-TX-10336,28/10/2026,301000,Journal Entry - Tx 10336 Line 2,-4196.44,Credit
FY26X-TX-10221,29/10/2026,110000,Journal Entry - Tx 10221 Line 1,19009.24,Debit
FY26X-TX-10221,29/10/2026,401000,Journal Entry - Tx 10221 Line 2,-19009.24,Credit
FY26X-TX-10399,29/10/2026,101000,Journal Entry - Tx 10399 Line 1,7727.00,Debit
FY26X-TX-10399,29/10/2026,390000,Journal Entry - Tx 10399 Line 2,-7727.00,Credit
FY26X-TX-10004,30/10/2026,101000,Journal Entry - Tx 10004 Line 1,8137.89,Debit
FY26X-TX-10004,30/10/2026,201000,Journal Entry - Tx 10004 Line 2,-8137.89,Credit
FY26X-TX-10273,30/10/2026,101000,Journal Entry - Tx 10273 Line 1,6417.05,Debit
FY26X-TX-10273,30/10/2026,390000,Journal Entry - Tx 10273 Line 2,-6417.05,Credit
FY26X-TX-10345,31/10/2026,601010,Journal Entry - Tx 10345 Line 1,2150.86,Debit
FY26X-TX-10345,31/10/2026,210000,Journal Entry - Tx 10345 Line 2,-2150.86,Credit
FY26X-TX-10385,31/10/2026,610000,Journal Entry - Tx 10385 Line 1,9376.20,Debit
FY26X-TX-10385,31/10/2026,301000,Journal Entry - Tx 10385 Line 2,-9376.20,Credit
FY26X-TX-10415,01/11/2026,501000,Journal Entry - Tx 10415 Line 1,9767.24,Debit
FY26X-TX-10415,01/11/2026,401000,Journal Entry - Tx 10415 Line 2,-9767.24,Credit
FY26X-TX-10034,02/11/2026,501000,Journal Entry - Tx 10034 Line 1,1279.67,Debit
FY26X-TX-10034,02/11/2026,401000,Journal Entry - Tx 10034 Line 2,-1279.67,Credit
FY26X-TX-10207,02/11/2026,101000,Journal Entry - Tx 10207 Line 1,5479.46,Debit
FY26X-TX-10207,02/11/2026,210000,Journal Entry - Tx 10207 Line 2,-5479.46,Credit
FY26X-TX-10219,02/11/2026,102001,Journal Entry - Tx 10219 Line 1,15195.62,Debit
FY26X-TX-10219,02/11/2026,401000,Journal Entry - Tx 10219 Line 2,-15195.62,Credit
FY26X-TX-10379,02/11/2026,101000,Journal Entry - Tx 10379 Line 1,1689.74,Debit
FY26X-TX-10379,02/11/2026,210000,Journal Entry - Tx 10379 Line 2,-1689.74,Credit
FY26X-TX-10441,02/11/2026,102001,Journal Entry - Tx 10441 Line 1,7272.91,Debit
FY26X-TX-10441,02/11/2026,210000,Journal Entry - Tx 10441 Line 2,-7272.91,Credit
FY26X-TX-10043,03/11/2026,101000,Journal Entry - Tx 10043 Line 1,6267.05,Debit
FY26X-TX-10043,03/11/2026,201000,Journal Entry - Tx 10043 Line 2,-6267.05,Credit
FY26X-TX-10425,03/11/2026,610000,Journal Entry - Tx 10425 Line 1,1066.06,Debit
FY26X-TX-10425,03/11/2026,402000,Journal Entry - Tx 10425 Line 2,-1066.06,Credit
FY26X-TX-10181,04/11/2026,601010,Journal Entry - Tx 10181 Line 1,15478.58,Debit
FY26X-TX-10181,04/11/2026,201000,Journal Entry - Tx 10181 Line 2,-15478.58,Credit
FY26X-TX-10494,05/11/2026,102001,Journal Entry - Tx 10494 Line 1,13797.20,Debit
FY26X-TX-10494,05/11/2026,402000,Journal Entry - Tx 10494 Line 2,-13797.20,Credit
FY26X-TX-10012,06/11/2026,101000,Journal Entry - Tx 10012 Line 1,5125.88,Debit
FY26X-TX-10012,06/11/2026,402000,Journal Entry - Tx 10012 Line 2,-5125.88,Credit
FY26X-TX-10175,07/11/2026,610000,Journal Entry - Tx 10175 Line 1,11684.29,Debit
FY26X-TX-10175,07/11/2026,402000,Journal Entry - Tx 10175 Line 2,-11684.29,Credit
FY26X-TX-10301,07/11/2026,102001,Journal Entry - Tx 10301 Line 1,15409.77,Debit
FY26X-TX-10301,07/11/2026,402000,Journal Entry - Tx 10301 Line 2,-15409.77,Credit
FY26X-TX-10021,08/11/2026,601010,Journal Entry - Tx 10021 Line 1,12214.95,Debit
FY26X-TX-10021,08/11/2026,402000,Journal Entry - Tx 10021 Line 2,-12214.95,Credit
FY26X-TX-10464,08/11/2026,101000,Journal Entry - Tx 10464 Line 1,10163.43,Debit
FY26X-TX-10464,08/11/2026,301000,Journal Entry - Tx 10464 Line 2,-10163.43,Credit
FY26X-TX-10500,08/11/2026,501000,Journal Entry - Tx 10500 Line 1,13039.91,Debit
FY26X-TX-10500,08/11/2026,201000,Journal Entry - Tx 10500 Line 2,-13039.91,Credit
FY26X-TX-10137,09/11/2026,101000,Journal Entry - Tx 10137 Line 1,16324.58,Debit
FY26X-TX-10137,09/11/2026,390000,Journal Entry - Tx 10137 Line 2,-16324.58,Credit
FY26X-TX-10319,09/11/2026,101000,Journal Entry - Tx 10319 Line 1,4300.08,Debit
FY26X-TX-10319,09/11/2026,402000,Journal Entry - Tx 10319 Line 2,-4300.08,Credit
FY26X-TX-10423,09/11/2026,110000,Journal Entry - Tx 10423 Line 1,3101.77,Debit
FY26X-TX-10423,09/11/2026,301000,Journal Entry - Tx 10423 Line 2,-3101.77,Credit
FY26X-TX-10346,11/11/2026,610000,Journal Entry - Tx 10346 Line 1,893.84,Debit
FY26X-TX-10346,11/11/2026,401000,Journal Entry - Tx 10346 Line 2,-893.84,Credit
FY26X-TX-10462,12/11/2026,101000,Journal Entry - Tx 10462 Line 1,164.49,Debit
FY26X-TX-10462,12/11/2026,201000,Journal Entry - Tx 10462 Line 2,-164.49,Credit
FY26X-TX-10222,14/11/2026,610000,Journal Entry - Tx 10222 Line 1,1216.56,Debit
FY26X-TX-10222,14/11/2026,201000,Journal Entry - Tx 10222 Line 2,-1216.56,Credit
FY26X-TX-10172,15/11/2026,102001,Journal Entry - Tx 10172 Line 1,2979.99,Debit
FY26X-TX-10172,15/11/2026,390000,Journal Entry - Tx 10172 Line 2,-2979.99,Credit
FY26X-TX-10251,15/11/2026,610000,Journal Entry - Tx 10251 Line 1,14539.30,Debit
FY26X-TX-10251,15/11/2026,390000,Journal Entry - Tx 10251 Line 2,-14539.30,Credit
FY26X-TX-10370,15/11/2026,610000,Journal Entry - Tx 10370 Line 1,11805.34,Debit
FY26X-TX-10370,15/11/2026,401000,Journal Entry - Tx 10370 Line 2,-11805.34,Credit
FY26X-TX-10277,16/11/2026,610000,Journal Entry - Tx 10277 Line 1,13319.59,Debit
FY26X-TX-10277,16/11/2026,201000,Journal Entry - Tx 10277 Line 2,-13319.59,Credit
FY26X-TX-10229,17/11/2026,102001,Journal Entry - Tx 10229 Line 1,11350.21,Debit
FY26X-TX-10229,17/11/2026,390000,Journal Entry - Tx 10229 Line 2,-11350.21,Credit
FY26X-TX-10216,19/11/2026,102001,Journal Entry - Tx 10216 Line 1,13199.92,Debit
FY26X-TX-10216,19/11/2026,210000,Journal Entry - Tx 10216 Line 2,-13199.92,Credit
FY26X-TX-10095,21/11/2026,110000,Journal Entry - Tx 10095 Line 1,8169.55,Debit
FY26X-TX-10095,21/11/2026,201000,Journal Entry - Tx 10095 Line 2,-8169.55,Credit
FY26X-TX-10409,22/11/2026,110000,Journal Entry - Tx 10409 Line 1,18942.27,Debit
FY26X-TX-10409,22/11/2026,402000,Journal Entry - Tx 10409 Line 2,-18942.27,Credit
FY26X-TX-10475,22/11/2026,110000,Journal Entry - Tx 10475 Line 1,7467.37,Debit
FY26X-TX-10475,22/11/2026,301000,Journal Entry - Tx 10475 Line 2,-7467.37,Credit
FY26X-TX-10001,24/11/2026,610000,Journal Entry - Tx 10001 Line 1,2194.43,Debit
FY26X-TX-10001,24/11/2026,301000,Journal Entry - Tx 10001 Line 2,-2194.43,Credit
FY26X-TX-10023,24/11/2026,102001,Journal Entry - Tx 10023 Line 1,13232.67,Debit
FY26X-TX-10023,24/11/2026,402000,Journal Entry - Tx 10023 Line 2,-13232.67,Credit
FY26X-TX-10333,24/11/2026,101000,Journal Entry - Tx 10333 Line 1,11490.98,Debit
FY26X-TX-10333,24/11/2026,201000,Journal Entry - Tx 10333 Line 2,-11490.98,Credit
FY26X-TX-10395,24/11/2026,101000,Journal Entry - Tx 10395 Line 1,8056.99,Debit
FY26X-TX-10395,24/11/2026,390000,Journal Entry - Tx 10395 Line 2,-8056.99,Credit
FY26X-TX-10497,24/11/2026,101000,Journal Entry - Tx 10497 Line 1,18817.80,Debit
FY26X-TX-10497,24/11/2026,201000,Journal Entry - Tx 10497 Line 2,-18817.80,Credit
FY26X-TX-10114,25/11/2026,610000,Journal Entry - Tx 10114 Line 1,9811.98,Debit
FY26X-TX-10114,25/11/2026,401000,Journal Entry - Tx 10114 Line 2,-9811.98,Credit
FY26X-TX-10028,26/11/2026,110000,Journal Entry - Tx 10028 Line 1,8844.60,Debit
FY26X-TX-10028,26/11/2026,210000,Journal Entry - Tx 10028 Line 2,-8844.60,Credit
FY26X-TX-10403,27/11/2026,102001,Journal Entry - Tx 10403 Line 1,15660.54,Debit
FY26X-TX-10403,27/11/2026,201000,Journal Entry - Tx 10403 Line 2,-15660.54,Credit
FY26X-TX-10421,27/11/2026,102001,Journal Entry - Tx 10421 Line 1,3366.09,Debit
FY26X-TX-10421,27/11/2026,402000,Journal Entry - Tx 10421 Line 2,-3366.09,Credit
FY26X-TX-10051,29/11/2026,601010,Journal Entry - Tx 10051 Line 1,7209.78,Debit
FY26X-TX-10051,29/11/2026,390000,Journal Entry - Tx 10051 Line 2,-7209.78,Credit
FY26X-TX-10459,29/11/2026,102001,Journal Entry - Tx 10459 Line 1,6480.12,Debit
FY26X-TX-10459,29/11/2026,210000,Journal Entry - Tx 10459 Line 2,-6480.12,Credit
FY26X-TX-10187,30/11/2026,601010,Journal Entry - Tx 10187 Line 1,5232.29,Debit
FY26X-TX-10187,30/11/2026,390000,Journal Entry - Tx 10187 Line 2,-5232.29,Credit
FY26X-TX-10131,02/12/2026,501000,Journal Entry - Tx 10131 Line 1,6230.57,Debit
FY26X-TX-10131,02/12/2026,390000,Journal Entry - Tx 10131 Line 2,-6230.57,Credit
FY26X-TX-10355,02/12/2026,601010,Journal Entry - Tx 10355 Line 1,12519.94,Debit
FY26X-TX-10355,02/12/2026,402000,Journal Entry - Tx 10355 Line 2,-12519.94,Credit
FY26X-TX-10428,03/12/2026,601010,Journal Entry - Tx 10428 Line 1,18518.95,Debit
FY26X-TX-10428,03/12/2026,210000,Journal Entry - Tx 10428 Line 2,-18518.95,Credit
FY26X-TX-10298,04/12/2026,101000,Journal Entry - Tx 10298 Line 1,7638.14,Debit
FY26X-TX-10298,04/12/2026,401000,Journal Entry - Tx 10298 Line 2,-7638.14,Credit
FY26X-TX-10303,04/12/2026,102001,Journal Entry - Tx 10303 Line 1,13092.84,Debit
FY26X-TX-10303,04/12/2026,402000,Journal Entry - Tx 10303 Line 2,-13092.84,Credit
FY26X-TX-10072,05/12/2026,102001,Journal Entry - Tx 10072 Line 1,13811.46,Debit
FY26X-TX-10072,05/12/2026,210000,Journal Entry - Tx 10072 Line 2,-13811.46,Credit
FY26X-TX-10340,05/12/2026,102001,Journal Entry - Tx 10340 Line 1,16644.35,Debit
FY26X-TX-10340,05/12/2026,201000,Journal Entry - Tx 10340 Line 2,-16644.35,Credit
FY26X-TX-10440,05/12/2026,601010,Journal Entry - Tx 10440 Line 1,6508.33,Debit
FY26X-TX-10440,05/12/2026,210000,Journal Entry - Tx 10440 Line 2,-6508.33,Credit
FY26X-TX-10090,06/12/2026,102001,Journal Entry - Tx 10090 Line 1,2046.23,Debit
FY26X-TX-10090,06/12/2026,301000,Journal Entry - Tx 10090 Line 2,-2046.23,Credit
FY26X-TX-10124,06/12/2026,610000,Journal Entry - Tx 10124 Line 1,16291.62,Debit
FY26X-TX-10124,06/12/2026,301000,Journal Entry - Tx 10124 Line 2,-16291.62,Credit
FY26X-TX-10134,06/12/2026,110000,Journal Entry - Tx 10134 Line 1,12175.96,Debit
FY26X-TX-10134,06/12/2026,201000,Journal Entry - Tx 10134 Line 2,-12175.96,Credit
FY26X-TX-10431,06/12/2026,601010,Journal Entry - Tx 10431 Line 1,7564.51,Debit
FY26X-TX-10431,06/12/2026,402000,Journal Entry - Tx 10431 Line 2,-7564.51,Credit
FY26X-TX-10123,07/12/2026,601010,Journal Entry - Tx 10123 Line 1,17683.87,Debit
FY26X-TX-10123,07/12/2026,301000,Journal Entry - Tx 10123 Line 2,-17683.87,Credit
FY26X-TX-10173,09/12/2026,102001,Journal Entry - Tx 10173 Line 1,2252.95,Debit
FY26X-TX-10173,09/12/2026,390000,Journal Entry - Tx 10173 Line 2,-2252.95,Credit
FY26X-TX-10083,10/12/2026,501000,Journal Entry - Tx 10083 Line 1,12416.31,Debit
FY26X-TX-10083,10/12/2026,301000,Journal Entry - Tx 10083 Line 2,-12416.31,Credit
FY26X-TX-10122,10/12/2026,501000,Journal Entry - Tx 10122 Line 1,3834.47,Debit
FY26X-TX-10122,10/12/2026,201000,Journal Entry - Tx 10122 Line 2,-3834.47,Credit
FY26X-TX-10244,10/12/2026,102001,Journal Entry - Tx 10244 Line 1,2065.63,Debit
FY26X-TX-10244,10/12/2026,301000,Journal Entry - Tx 10244 Line 2,-2065.63,Credit
FY26X-TX-10435,10/12/2026,110000,Journal Entry - Tx 10435 Line 1,8166.31,Debit
FY26X-TX-10435,10/12/2026,201000,Journal Entry - Tx 10435 Line 2,-8166.31,Credit
FY26X-TX-10498,10/12/2026,110000,Journal Entry - Tx 10498 Line 1,12263.44,Debit
FY26X-TX-10498,10/12/2026,401000,Journal Entry - Tx 10498 Line 2,-12263.44,Credit
FY26X-TX-10316,11/12/2026,501000,Journal Entry - Tx 10316 Line 1,5080.72,Debit
FY26X-TX-10316,11/12/2026,402000,Journal Entry - Tx 10316 Line 2,-5080.72,Credit
FY26X-TX-10132,12/12/2026,501000,Journal Entry - Tx 10132 Line 1,4153.40,Debit
FY26X-TX-10132,12/12/2026,402000,Journal Entry - Tx 10132 Line 2,-4153.40,Credit
FY26X-TX-10313,12/12/2026,601010,Journal Entry - Tx 10313 Line 1,18816.18,Debit
FY26X-TX-10313,12/12/2026,301000,Journal Entry - Tx 10313 Line 2,-18816.18,Credit
FY26X-TX-10003,13/12/2026,601010,Journal Entry - Tx 10003 Line 1,14237.41,Debit
FY26X-TX-10003,13/12/2026,201000,Journal Entry - Tx 10003 Line 2,-14237.41,Credit
FY26X-TX-10178,13/12/2026,501000,Journal Entry - Tx 10178 Line 1,17439.99,Debit
FY26X-TX-10178,13/12/2026,390000,Journal Entry - Tx 10178 Line 2,-17439.99,Credit
FY26X-TX-10292,13/12/2026,101000,Journal Entry - Tx 10292 Line 1,10523.70,Debit
FY26X-TX-10292,13/12/2026,390000,Journal Entry - Tx 10292 Line 2,-10523.70,Credit
FY26X-TX-10427,14/12/2026,110000,Journal Entry - Tx 10427 Line 1,7461.29,Debit
FY26X-TX-10427,14/12/2026,402000,Journal Entry - Tx 10427 Line 2,-7461.29,Credit
FY26X-TX-10447,14/12/2026,501000,Journal Entry - Tx 10447 Line 1,18188.29,Debit
FY26X-TX-10447,14/12/2026,390000,Journal Entry - Tx 10447 Line 2,-18188.29,Credit
FY26X-TX-10499,14/12/2026,101000,Journal Entry - Tx 10499 Line 1,3125.50,Debit
FY26X-TX-10499,14/12/2026,210000,Journal Entry - Tx 10499 Line 2,-3125.50,Credit
FY26X-TX-10036,15/12/2026,610000,Journal Entry - Tx 10036 Line 1,13855.73,Debit
FY26X-TX-10036,15/12/2026,401000,Journal Entry - Tx 10036 Line 2,-13855.73,Credit
FY26X-TX-10408,15/12/2026,601010,Journal Entry - Tx 10408 Line 1,17748.62,Debit
FY26X-TX-10408,15/12/2026,402000,Journal Entry - Tx 10408 Line 2,-17748.62,Credit
FY26X-TX-10289,16/12/2026,601010,Journal Entry - Tx 10289 Line 1,4672.52,Debit
FY26X-TX-10289,16/12/2026,210000,Journal Entry - Tx 10289 Line 2,-4672.52,Credit
FY26X-TX-10281,17/12/2026,102001,Journal Entry - Tx 10281 Line 1,17686.90,Debit
FY26X-TX-10281,17/12/2026,402000,Journal Entry - Tx 10281 Line 2,-17686.90,Credit
FY26X-TX-10434,17/12/2026,101000,Journal Entry - Tx 10434 Line 1,17524.61,Debit
FY26X-TX-10434,17/12/2026,402000,Journal Entry - Tx 10434 Line 2,-17524.61,Credit
FY26X-TX-10299,18/12/2026,101000,Journal Entry - Tx 10299 Line 1,14957.77,Debit
FY26X-TX-10299,18/12/2026,401000,Journal Entry - Tx 10299 Line 2,-14957.77,Credit
FY26X-TX-10226,19/12/2026,110000,Journal Entry - Tx 10226 Line 1,11427.17,Debit
FY26X-TX-10226,19/12/2026,201000,Journal Entry - Tx 10226 Line 2,-11427.17,Credit
FY26X-TX-10205,20/12/2026,102001,Journal Entry - Tx 10205 Line 1,3607.03,Debit
FY26X-TX-10205,20/12/2026,402000,Journal Entry - Tx 10205 Line 2,-3607.03,Credit
FY26X-TX-10328,20/12/2026,501000,Journal Entry - Tx 10328 Line 1,7154.46,Debit
FY26X-TX-10328,20/12/2026,390000,Journal Entry - Tx 10328 Line 2,-7154.46,Credit
FY26X-TX-10442,21/12/2026,102001,Journal Entry - Tx 10442 Line 1,14819.72,Debit
FY26X-TX-10442,21/12/2026,402000,Journal Entry - Tx 10442 Line 2,-14819.72,Credit
FY26X-TX-10284,22/12/2026,101000,Journal Entry - Tx 10284 Line 1,5794.59,Debit
FY26X-TX-10284,22/12/2026,201000,Journal Entry - Tx 10284 Line 2,-5794.59,Credit
FY26X-TX-10139,23/12/2026,501000,Journal Entry - Tx 10139 Line 1,7411.81,Debit
FY26X-TX-10139,23/12/2026,210000,Journal Entry - Tx 10139 Line 2,-7411.81,Credit
FY26X-TX-10481,23/12/2026,102001,Journal Entry - Tx 10481 Line 1,9221.17,Debit
FY26X-TX-10481,23/12/2026,210000,Journal Entry - Tx 10481 Line 2,-9221.17,Credit
FY26X-TX-10009,24/12/2026,110000,Journal Entry - Tx 10009 Line 1,8151.16,Debit
FY26X-TX-10009,24/12/2026,210000,Journal Entry - Tx 10009 Line 2,-8151.16,Credit
FY26X-TX-10211,24/12/2026,610000,Journal Entry - Tx 10211 Line 1,18130.10,Debit
FY26X-TX-10211,24/12/2026,390000,Journal Entry - Tx 10211 Line 2,-18130.10,Credit
FY26X-TX-10174,25/12/2026,110000,Journal Entry - Tx 10174 Line 1,4967.48,Debit
FY26X-TX-10174,25/12/2026,210000,Journal Entry - Tx 10174 Line 2,-4967.48,Credit
FY26X-TX-10020,26/12/2026,610000,Journal Entry - Tx 10020 Line 1,17987.83,Debit
FY26X-TX-10020,26/12/2026,201000,Journal Entry - Tx 10020 Line 2,-17987.83,Credit
FY26X-TX-10283,27/12/2026,501000,Journal Entry - Tx 10283 Line 1,16761.68,Debit
FY26X-TX-10283,27/12/2026,210000,Journal Entry - Tx 10283 Line 2,-16761.68,Credit
FY26X-TX-10098,28/12/2026,101000,Journal Entry - Tx 10098 Line 1,8248.22,Debit
FY26X-TX-10098,28/12/2026,201000,Journal Entry - Tx 10098 Line 2,-8248.22,Credit
FY26X-TX-10452,31/12/2026,101000,Journal Entry - Tx 10452 Line 1,16251.00,Debit
FY26X-TX-10452,31/12/2026,301000,Journal Entry - Tx 10452 Line 2,-16251.00,Credit
